12;InformativeBlackScreen
14;SkinMask
16;HRect
18;SecondaryHRect
20;ARect
21;PitVacuum
22;Pipe
23;sample.libgme_2F_var_2F_folders_2F_9m_2F_bnph4mbj1gq2gp7ccy_vg60h0000gn_2F_T_2F__2F_ccY8M7iW_2E_lto_2E_bc_3A_4CB129AA_2D_159F_2D_42A5_2D_8B7B_2D_F551332DADE2.DS95
24;sample.libgme_2F_var_2F_folders_2F_9m_2F_bnph4mbj1gq2gp7ccy_vg60h0000gn_2F_T_2F__2F_ccY8M7iW_2E_lto_2E_bc_3A_4CB129AA_2D_159F_2D_42A5_2D_8B7B_2D_F551332DADE2.DS97
25;sample.libgme_2F_var_2F_folders_2F_9m_2F_bnph4mbj1gq2gp7ccy_vg60h0000gn_2F_T_2F__2F_ccY8M7iW_2E_lto_2E_bc_3A_4CB129AA_2D_159F_2D_42A5_2D_8B7B_2D_F551332DADE2.DS137
26;sample.libgme_2F_var_2F_folders_2F_9m_2F_bnph4mbj1gq2gp7ccy_vg60h0000gn_2F_T_2F__2F_ccY8M7iW_2E_lto_2E_bc_3A_4CB129AA_2D_159F_2D_42A5_2D_8B7B_2D_F551332DADE2.DS59
27;sample.libgme_2F_var_2F_folders_2F_9m_2F_bnph4mbj1gq2gp7ccy_vg60h0000gn_2F_T_2F__2F_ccY8M7iW_2E_lto_2E_bc_3A_4CB129AA_2D_159F_2D_42A5_2D_8B7B_2D_F551332DADE2.DS98
28;sample.libgme_2F_var_2F_folders_2F_9m_2F_bnph4mbj1gq2gp7ccy_vg60h0000gn_2F_T_2F__2F_ccY8M7iW_2E_lto_2E_bc_3A_4CB129AA_2D_159F_2D_42A5_2D_8B7B_2D_F551332DADE2.DS91
29;sample.libgme_2F_var_2F_folders_2F_9m_2F_bnph4mbj1gq2gp7ccy_vg60h0000gn_2F_T_2F__2F_ccY8M7iW_2E_lto_2E_bc_3A_4CB129AA_2D_159F_2D_42A5_2D_8B7B_2D_F551332DADE2.DS135
30;sample.libgme_2F_var_2F_folders_2F_9m_2F_bnph4mbj1gq2gp7ccy_vg60h0000gn_2F_T_2F__2F_ccY8M7iW_2E_lto_2E_bc_3A_4CB129AA_2D_159F_2D_42A5_2D_8B7B_2D_F551332DADE2.DS92
31;sample.libgme_2F_var_2F_folders_2F_9m_2F_bnph4mbj1gq2gp7ccy_vg60h0000gn_2F_T_2F__2F_ccY8M7iW_2E_lto_2E_bc_3A_4CB129AA_2D_159F_2D_42A5_2D_8B7B_2D_F551332DADE2.DS58
32;sample.libgme_2F_var_2F_folders_2F_9m_2F_bnph4mbj1gq2gp7ccy_vg60h0000gn_2F_T_2F__2F_ccY8M7iW_2E_lto_2E_bc_3A_4CB129AA_2D_159F_2D_42A5_2D_8B7B_2D_F551332DADE2.DS55
33;sample.libgme_2F_var_2F_folders_2F_9m_2F_bnph4mbj1gq2gp7ccy_vg60h0000gn_2F_T_2F__2F_ccY8M7iW_2E_lto_2E_bc_3A_4CB129AA_2D_159F_2D_42A5_2D_8B7B_2D_F551332DADE2.DS132
34;sample.libgme_2F_var_2F_folders_2F_9m_2F_bnph4mbj1gq2gp7ccy_vg60h0000gn_2F_T_2F__2F_ccY8M7iW_2E_lto_2E_bc_3A_4CB129AA_2D_159F_2D_42A5_2D_8B7B_2D_F551332DADE2.DS56
35;sample.libgme_2F_var_2F_folders_2F_9m_2F_bnph4mbj1gq2gp7ccy_vg60h0000gn_2F_T_2F__2F_ccY8M7iW_2E_lto_2E_bc_3A_4CB129AA_2D_159F_2D_42A5_2D_8B7B_2D_F551332DADE2.DS18
36;sample.libgme_2F_var_2F_folders_2F_9m_2F_bnph4mbj1gq2gp7ccy_vg60h0000gn_2F_T_2F__2F_ccY8M7iW_2E_lto_2E_bc_3A_4CB129AA_2D_159F_2D_42A5_2D_8B7B_2D_F551332DADE2.DS15
37;sample.libgme_2F_var_2F_folders_2F_9m_2F_bnph4mbj1gq2gp7ccy_vg60h0000gn_2F_T_2F__2F_ccY8M7iW_2E_lto_2E_bc_3A_4CB129AA_2D_159F_2D_42A5_2D_8B7B_2D_F551332DADE2.DS12
38;sample.libgme_2F_var_2F_folders_2F_9m_2F_bnph4mbj1gq2gp7ccy_vg60h0000gn_2F_T_2F__2F_ccY8M7iW_2E_lto_2E_bc_3A_4CB129AA_2D_159F_2D_42A5_2D_8B7B_2D_F551332DADE2.DS107
39;sample.libgme_2F_var_2F_folders_2F_9m_2F_bnph4mbj1gq2gp7ccy_vg60h0000gn_2F_T_2F__2F_ccY8M7iW_2E_lto_2E_bc_3A_4CB129AA_2D_159F_2D_42A5_2D_8B7B_2D_F551332DADE2.DS108
40;sample.libgme_2F_var_2F_folders_2F_9m_2F_bnph4mbj1gq2gp7ccy_vg60h0000gn_2F_T_2F__2F_ccY8M7iW_2E_lto_2E_bc_3A_4CB129AA_2D_159F_2D_42A5_2D_8B7B_2D_F551332DADE2.DS141
41;sample.libgme_2F_var_2F_folders_2F_9m_2F_bnph4mbj1gq2gp7ccy_vg60h0000gn_2F_T_2F__2F_ccY8M7iW_2E_lto_2E_bc_3A_4CB129AA_2D_159F_2D_42A5_2D_8B7B_2D_F551332DADE2.DS101
42;sample.libgme_2F_var_2F_folders_2F_9m_2F_bnph4mbj1gq2gp7ccy_vg60h0000gn_2F_T_2F__2F_ccY8M7iW_2E_lto_2E_bc_3A_4CB129AA_2D_159F_2D_42A5_2D_8B7B_2D_F551332DADE2.DS53
43;sample.libgme_2F_var_2F_folders_2F_9m_2F_bnph4mbj1gq2gp7ccy_vg60h0000gn_2F_T_2F__2F_ccY8M7iW_2E_lto_2E_bc_3A_4CB129AA_2D_159F_2D_42A5_2D_8B7B_2D_F551332DADE2.DS100
44;sample.libgme_2F_var_2F_folders_2F_9m_2F_bnph4mbj1gq2gp7ccy_vg60h0000gn_2F_T_2F__2F_ccY8M7iW_2E_lto_2E_bc_3A_4CB129AA_2D_159F_2D_42A5_2D_8B7B_2D_F551332DADE2.DS50
45;sample.libgme_2F_var_2F_folders_2F_9m_2F_bnph4mbj1gq2gp7ccy_vg60h0000gn_2F_T_2F__2F_ccY8M7iW_2E_lto_2E_bc_3A_4CB129AA_2D_159F_2D_42A5_2D_8B7B_2D_F551332DADE2.DS104
46;sample.libgme_2F_var_2F_folders_2F_9m_2F_bnph4mbj1gq2gp7ccy_vg60h0000gn_2F_T_2F__2F_ccY8M7iW_2E_lto_2E_bc_3A_4CB129AA_2D_159F_2D_42A5_2D_8B7B_2D_F551332DADE2.DS85
47;sample.libgme_2F_var_2F_folders_2F_9m_2F_bnph4mbj1gq2gp7ccy_vg60h0000gn_2F_T_2F__2F_ccY8M7iW_2E_lto_2E_bc_3A_4CB129AA_2D_159F_2D_42A5_2D_8B7B_2D_F551332DADE2.DS82
48;sample.libgme_2F_var_2F_folders_2F_9m_2F_bnph4mbj1gq2gp7ccy_vg60h0000gn_2F_T_2F__2F_ccY8M7iW_2E_lto_2E_bc_3A_4CB129AA_2D_159F_2D_42A5_2D_8B7B_2D_F551332DADE2.DS44
49;sample.libgme_2F_var_2F_folders_2F_9m_2F_bnph4mbj1gq2gp7ccy_vg60h0000gn_2F_T_2F__2F_ccY8M7iW_2E_lto_2E_bc_3A_4CB129AA_2D_159F_2D_42A5_2D_8B7B_2D_F551332DADE2.DS83
50;sample.libgme_2F_var_2F_folders_2F_9m_2F_bnph4mbj1gq2gp7ccy_vg60h0000gn_2F_T_2F__2F_ccY8M7iW_2E_lto_2E_bc_3A_4CB129AA_2D_159F_2D_42A5_2D_8B7B_2D_F551332DADE2.DS45
51;sample.libgme_2F_var_2F_folders_2F_9m_2F_bnph4mbj1gq2gp7ccy_vg60h0000gn_2F_T_2F__2F_ccY8M7iW_2E_lto_2E_bc_3A_4CB129AA_2D_159F_2D_42A5_2D_8B7B_2D_F551332DADE2.DS80
52;sample.libgme_2F_var_2F_folders_2F_9m_2F_bnph4mbj1gq2gp7ccy_vg60h0000gn_2F_T_2F__2F_ccY8M7iW_2E_lto_2E_bc_3A_4CB129AA_2D_159F_2D_42A5_2D_8B7B_2D_F551332DADE2.DS47
53;sample.libgme_2F_var_2F_folders_2F_9m_2F_bnph4mbj1gq2gp7ccy_vg60h0000gn_2F_T_2F__2F_ccY8M7iW_2E_lto_2E_bc_3A_4CB129AA_2D_159F_2D_42A5_2D_8B7B_2D_F551332DADE2.DS1
54;sample.libgme_2F_var_2F_folders_2F_9m_2F_bnph4mbj1gq2gp7ccy_vg60h0000gn_2F_T_2F__2F_ccY8M7iW_2E_lto_2E_bc_3A_4CB129AA_2D_159F_2D_42A5_2D_8B7B_2D_F551332DADE2.DS3
55;sample.libgme_2F_var_2F_folders_2F_9m_2F_bnph4mbj1gq2gp7ccy_vg60h0000gn_2F_T_2F__2F_ccY8M7iW_2E_lto_2E_bc_3A_4CB129AA_2D_159F_2D_42A5_2D_8B7B_2D_F551332DADE2.DS2
56;sample.libgme_2F_var_2F_folders_2F_9m_2F_bnph4mbj1gq2gp7ccy_vg60h0000gn_2F_T_2F__2F_ccY8M7iW_2E_lto_2E_bc_3A_4CB129AA_2D_159F_2D_42A5_2D_8B7B_2D_F551332DADE2.DS4
57;sample.libgme_2F_var_2F_folders_2F_9m_2F_bnph4mbj1gq2gp7ccy_vg60h0000gn_2F_T_2F__2F_ccY8M7iW_2E_lto_2E_bc_3A_4CB129AA_2D_159F_2D_42A5_2D_8B7B_2D_F551332DADE2.DS7
58;sample.libgme_2F_var_2F_folders_2F_9m_2F_bnph4mbj1gq2gp7ccy_vg60h0000gn_2F_T_2F__2F_ccY8M7iW_2E_lto_2E_bc_3A_4CB129AA_2D_159F_2D_42A5_2D_8B7B_2D_F551332DADE2.DS6
59;sample.libgme_2F_var_2F_folders_2F_9m_2F_bnph4mbj1gq2gp7ccy_vg60h0000gn_2F_T_2F__2F_ccY8M7iW_2E_lto_2E_bc_3A_4CB129AA_2D_159F_2D_42A5_2D_8B7B_2D_F551332DADE2.DS9
60;sample.libgme_2F_var_2F_folders_2F_9m_2F_bnph4mbj1gq2gp7ccy_vg60h0000gn_2F_T_2F__2F_ccY8M7iW_2E_lto_2E_bc_3A_4CB129AA_2D_159F_2D_42A5_2D_8B7B_2D_F551332DADE2.DS8
61;sample.libgme_2F_var_2F_folders_2F_9m_2F_bnph4mbj1gq2gp7ccy_vg60h0000gn_2F_T_2F__2F_ccY8M7iW_2E_lto_2E_bc_3A_4CB129AA_2D_159F_2D_42A5_2D_8B7B_2D_F551332DADE2.DS42
62;sample.libgme_2F_var_2F_folders_2F_9m_2F_bnph4mbj1gq2gp7ccy_vg60h0000gn_2F_T_2F__2F_ccY8M7iW_2E_lto_2E_bc_3A_4CB129AA_2D_159F_2D_42A5_2D_8B7B_2D_F551332DADE2.DS88
63;sample.libgme_2F_var_2F_folders_2F_9m_2F_bnph4mbj1gq2gp7ccy_vg60h0000gn_2F_T_2F__2F_ccY8M7iW_2E_lto_2E_bc_3A_4CB129AA_2D_159F_2D_42A5_2D_8B7B_2D_F551332DADE2.DS113
64;sample.libgme_2F_var_2F_folders_2F_9m_2F_bnph4mbj1gq2gp7ccy_vg60h0000gn_2F_T_2F__2F_ccY8M7iW_2E_lto_2E_bc_3A_4CB129AA_2D_159F_2D_42A5_2D_8B7B_2D_F551332DADE2.DS77
65;sample.libgme_2F_var_2F_folders_2F_9m_2F_bnph4mbj1gq2gp7ccy_vg60h0000gn_2F_T_2F__2F_ccY8M7iW_2E_lto_2E_bc_3A_4CB129AA_2D_159F_2D_42A5_2D_8B7B_2D_F551332DADE2.DS116
66;sample.libgme_2F_var_2F_folders_2F_9m_2F_bnph4mbj1gq2gp7ccy_vg60h0000gn_2F_T_2F__2F_ccY8M7iW_2E_lto_2E_bc_3A_4CB129AA_2D_159F_2D_42A5_2D_8B7B_2D_F551332DADE2.DS114
67;sample.libgme_2F_var_2F_folders_2F_9m_2F_bnph4mbj1gq2gp7ccy_vg60h0000gn_2F_T_2F__2F_ccY8M7iW_2E_lto_2E_bc_3A_4CB129AA_2D_159F_2D_42A5_2D_8B7B_2D_F551332DADE2.DS36
68;sample.libgme_2F_var_2F_folders_2F_9m_2F_bnph4mbj1gq2gp7ccy_vg60h0000gn_2F_T_2F__2F_ccY8M7iW_2E_lto_2E_bc_3A_4CB129AA_2D_159F_2D_42A5_2D_8B7B_2D_F551332DADE2.DS119
69;sample.libgme_2F_var_2F_folders_2F_9m_2F_bnph4mbj1gq2gp7ccy_vg60h0000gn_2F_T_2F__2F_ccY8M7iW_2E_lto_2E_bc_3A_4CB129AA_2D_159F_2D_42A5_2D_8B7B_2D_F551332DADE2.DS33
70;sample.libgme_2F_var_2F_folders_2F_9m_2F_bnph4mbj1gq2gp7ccy_vg60h0000gn_2F_T_2F__2F_ccY8M7iW_2E_lto_2E_bc_3A_4CB129AA_2D_159F_2D_42A5_2D_8B7B_2D_F551332DADE2.DS39
71;sample.libgme_2F_var_2F_folders_2F_9m_2F_bnph4mbj1gq2gp7ccy_vg60h0000gn_2F_T_2F__2F_ccY8M7iW_2E_lto_2E_bc_3A_4CB129AA_2D_159F_2D_42A5_2D_8B7B_2D_F551332DADE2.DS30
72;sample.libgme_2F_var_2F_folders_2F_9m_2F_bnph4mbj1gq2gp7ccy_vg60h0000gn_2F_T_2F__2F_ccY8M7iW_2E_lto_2E_bc_3A_4CB129AA_2D_159F_2D_42A5_2D_8B7B_2D_F551332DADE2.DS71
73;sample.libgme_2F_var_2F_folders_2F_9m_2F_bnph4mbj1gq2gp7ccy_vg60h0000gn_2F_T_2F__2F_ccY8M7iW_2E_lto_2E_bc_3A_4CB129AA_2D_159F_2D_42A5_2D_8B7B_2D_F551332DADE2.DS74
74;sample.libgme_2F_var_2F_folders_2F_9m_2F_bnph4mbj1gq2gp7ccy_vg60h0000gn_2F_T_2F__2F_ccY8M7iW_2E_lto_2E_bc_3A_4CB129AA_2D_159F_2D_42A5_2D_8B7B_2D_F551332DADE2.DS68
75;sample.libgme_2F_var_2F_folders_2F_9m_2F_bnph4mbj1gq2gp7ccy_vg60h0000gn_2F_T_2F__2F_ccY8M7iW_2E_lto_2E_bc_3A_4CB129AA_2D_159F_2D_42A5_2D_8B7B_2D_F551332DADE2.DS123
76;sample.libgme_2F_var_2F_folders_2F_9m_2F_bnph4mbj1gq2gp7ccy_vg60h0000gn_2F_T_2F__2F_ccY8M7iW_2E_lto_2E_bc_3A_4CB129AA_2D_159F_2D_42A5_2D_8B7B_2D_F551332DADE2.DS126
77;sample.libgme_2F_var_2F_folders_2F_9m_2F_bnph4mbj1gq2gp7ccy_vg60h0000gn_2F_T_2F__2F_ccY8M7iW_2E_lto_2E_bc_3A_4CB129AA_2D_159F_2D_42A5_2D_8B7B_2D_F551332DADE2.DS129
78;sample.libgme_2F_var_2F_folders_2F_9m_2F_bnph4mbj1gq2gp7ccy_vg60h0000gn_2F_T_2F__2F_ccY8M7iW_2E_lto_2E_bc_3A_4CB129AA_2D_159F_2D_42A5_2D_8B7B_2D_F551332DADE2.DS24
79;sample.libgme_2F_var_2F_folders_2F_9m_2F_bnph4mbj1gq2gp7ccy_vg60h0000gn_2F_T_2F__2F_ccY8M7iW_2E_lto_2E_bc_3A_4CB129AA_2D_159F_2D_42A5_2D_8B7B_2D_F551332DADE2.DS27
80;sample.libgme_2F_var_2F_folders_2F_9m_2F_bnph4mbj1gq2gp7ccy_vg60h0000gn_2F_T_2F__2F_ccY8M7iW_2E_lto_2E_bc_3A_4CB129AA_2D_159F_2D_42A5_2D_8B7B_2D_F551332DADE2.DS21
81;sample.libgme_2F_var_2F_folders_2F_9m_2F_bnph4mbj1gq2gp7ccy_vg60h0000gn_2F_T_2F__2F_ccY8M7iW_2E_lto_2E_bc_3A_4CB129AA_2D_159F_2D_42A5_2D_8B7B_2D_F551332DADE2.DS62
82;sample.libgme_2F_var_2F_folders_2F_9m_2F_bnph4mbj1gq2gp7ccy_vg60h0000gn_2F_T_2F__2F_ccY8M7iW_2E_lto_2E_bc_3A_4CB129AA_2D_159F_2D_42A5_2D_8B7B_2D_F551332DADE2.DS65
85;Samus
88;MegaManParticle
91;LinkIcon
94;Lakitu
97;RyuProjectile
98;Hammer
101;WarriorOfLight
102;Spiney
105;Jason
108;HammerPickup
109;Rush
110;Brick
111;FontCharLink
114;VicViperSimpleGraphics
115;VicViper
124;TopScreenText
125;RyuSimpleGraphics
126;VicViperPickup
129;TitleBmp
130;FlagPole
134;ExplodingRabbitLogo
135;RyuIcon
136;LinkBoomerang
137;MegaManProjectile
138;FontCharHud
139;SamusBomb
140;PiranhaRed
141;FontCharRyu
142;SamusSimpleGraphics
145;SimonIcon
146;LinkSimpleGraphics
147;LevelExit
148;PiranhaGreen
149;MegaManPickup
150;Vine
151;PortraitSelector
152;SimonProjectile
153;SophiaBackWheel
154;UpgradeIcon
155;SimonSimpleGraphics
157;Scenery
158;MegaManEnergyBar
159;CharacterPortrait
160;BowserFireBallSpark
161;LinkProjectile
164;GroundTheme
165;HudsonBee
168;MegaMan
171;Crab
167;MegaManHead
172;KoopaRed
173;Bubble
174;Ryu
175;Atom
178;PitIcon
179;SamusShot
182;Sophia
185;Link
188;MarioBasePickup
180;SophiaBase
189;LavaFireBall
190;FontCharScore
191;MushroomSelector
192;Fly
193;Pit
194;SamusGuts
195;HammerWeapon
196;SceneryTheme
197;Teleporter
198;OneUp
199;BowserBridge
200;FontCharSimon
201;ItemBlock
202;ExplodingRabbitPowerup
203;CheepFlying
166;MegaManArm
206;PullyRopeEnd
207;RyuPickup
208;Goomba
209;SimonPickup
210;Bowser
211;BulletBill
212;LinkPickup
213;Firework
214;FontCharMenu
181;SophiaFrontWheel
217;BillPickup
218;CastleFlag
219;PipeTransporter
220;BowserAxe
221;FireBarChild
222;Mushroom
223;FontCharSamus
224;MessageBoxBackground
225;FundingIcon
226;SamusIcon
227;CoinExplosion
228;Platform
229;Wing
230;Beetle
231;MegaManIcon
232;MegaManSimpleGraphics
233;BillTorso
234;FireFlower
235;Ground
236;CoinSymbol
237;SophiaBullet
238;SimonWhip
239;VicViperProjectile
240;MarioBaseIcon
241;HammerBro
242;BillBullet
243;MarioFireBall
244;CanonSmoke
245;StarBurst
246;PitSimpleGraphics
247;SophiaPickup
248;CheepFast
249;SophiaExplosion
250;CheepSlow
251;BlackMageSpell
252;FireEnemy
253;SpikeTop
254;FireBar
255;SophiaHoverBar
256;BillLegs
183;LinkSword
257;SpringObj
258;SamusPickup
259;KoopaGreen
260;BillIcon
261;Icicle
262;Clock
263;Mario
264;Canon
265;PitProjectile
266;PitPickup
267;Simon
269;Bloopa
270;Barrel
271;Coin
272;BillSimpleGraphics
275;bg_010_02_02_00
276;VicViperIcon
277;SophiaIcon
184;LinkShield
278;ScrollingIndicator
279;Bill
280;PStateIcon
281;Star
282;SamusIceBeamSnd
283;SamusLongBeamSnd
284;GamePointsSnd
285;GameCharacterSelectCursorSnd
286;BillMachineGunSnd
287;MegaManWaterShieldSnd
288;BillNormalShotSnd
289;LinkBoomerangSnd
290;LinkJumpSnd
291;GameBridgeBreakSnd
292;SamusStepSnd
293;RepeatingSilenceSnd
294;BrickPiece
295;PullyRope
296;VineSegment
297;FlyingCoin
298;BowserFireBall
301;bg_002_01_01_00
304;bg_010_02_03_00
307;bg_004_10_02_00
310;bg_010_04_03_00
313;bg_004_03_02_00
316;bg_010_04_01_00
319;bg_010_05_04_00
322;bg_010_01_05_00
325;bg_004_05_01_01
328;bg_010_04_02_00
331;BgUnderGround
334;bg_004_01_03_01
337;bg_010_02_04_00
340;bg_013_water
343;fg_004_04_01_01
346;bg_002_11_01_00
349;bg_004_06_01_00
352;bg_010_05_01_00
355;fg_003_05_02_00
358;bg_001_05_03_00
361;bg_001_01_02_02
364;bg_013_stars
367;bg_012_01_04_01
370;bg_013_cave_ice
373;BgNightStars
376;bg_012_02_02_01
379;bg_010_02_01_00
382;fg_004_05_01_01
385;bg_010_07_02_00
386;com.explodingRabbit.cross.games.GameSuperMetroid_SamusDieData
247;com.smbc.data.MovieClipInfo_SophiaPickupMc
387;com.explodingRabbit.cross.games.GameTetrisDrMario_Music2HurryData
388;com.smbc.graphics.skins.BmdInfo_Link017
390;com.explodingRabbit.cross.games.GameMegaMan10_Nsf
389;com.smbc.graphics.skins.BmdInfo_Link016
257;com.smbc.data.MovieClipInfo_SpringObjMc
391;com.smbc.graphics.skins.BmdInfo_Link015
393;com.smbc.graphics.skins.BmdInfo_Link014
392;com.smbc.graphics.BackgroundInfo_bg_003_05_04_00
395;com.smbc.graphics.skins.BmdInfo_Link013
394;com.smbc.graphics.BackgroundInfo_bg_010_03_01_01
397;com.smbc.graphics.skins.BmdInfo_Link012
396;com.smbc.graphics.BackgroundInfo_bg_010_03_01_00
398;com.smbc.graphics.skins.BmdInfo_Link011
217;com.smbc.data.MovieClipInfo_BillPickupMc
400;com.explodingRabbit.cross.games.GameSuperMarioBrosSnes_DieData
399;com.smbc.graphics.skins.BmdInfo_Link010
222;com.smbc.data.MovieClipInfo_MushroomMc
401;com.explodingRabbit.cross.games.GameSuperMarioBros3Snes_SwimmingFastData
402;com.smbc.graphics.skins.BmdInfo_Link018
233;com.smbc.data.MovieClipInfo_BillTorsoMc
404;com.smbc.graphics.skins.BmdInfo_Link019
403;com.explodingRabbit.cross.games.GameSuperMarioWorld_TitleData
406;com.explodingRabbit.cross.games.GameSuperMetroid_ItemFanfareData
405;com.smbc.graphics.BackgroundInfo_bg_015_05_02_00
407;com.explodingRabbit.cross.games.GameZeldaLinkToThePast_DankDungeonsData
261;com.smbc.data.MovieClipInfo_IcicleMc
408;com.smbc.graphics.BackgroundInfo_bg_003_05_10_00
409;com.smbc.graphics.BackgroundInfo_bg_009_14_01_00
411;com.explodingRabbit.cross.games.GameContra3_NestingInTheSandsData
410;com.smbc.graphics.BackgroundInfo_bg_008_02_01_00
412;com.smbc.graphics.BackgroundInfo_bg_015_06_01_00
413;com.smbc.graphics.skins.BmdInfo_Link004
414;com.smbc.graphics.skins.BmdInfo_Link003
415;com.smbc.graphics.skins.BmdInfo_Link006
322;com.smbc.graphics.BackgroundInfo_bg_010_01_05_00
416;com.smbc.graphics.skins.BmdInfo_Link005
417;com.smbc.graphics.skins.BmdInfo_Link000
181;com.smbc.data.MovieClipInfo_SophiaFrontWheelMc
419;com.explodingRabbit.cross.games.GameDragonWarriorSnes_ImprovementData
418;com.smbc.graphics.skins.BmdInfo_Link002
421;com.smbc.graphics.skins.BmdInfo_Link001
420;com.smbc.graphics.BackgroundInfo_bg_000_03_03_00
206;com.smbc.data.MovieClipInfo_PullyRopeEndMc
349;com.smbc.graphics.BackgroundInfo_bg_004_06_01_00
298;com.smbc.projectiles.BowserFireBall
422;com.smbc.graphics.skins.BmdInfo_Link007
424;com.smbc.graphics.skins.BmdInfo_Link008
423;com.explodingRabbit.cross.games.GameSuperMarioWorld_Invincible
408;com.smbc.graphics.BackgroundInfo_bg_003_10_02_00
425;com.smbc.graphics.skins.BmdInfo_Link009
154;com.smbc.data.MovieClipInfo_UpgradeIconMc
201;com.smbc.data.MovieClipInfo_ItemBlockMc
426;com.smbc.graphics.BackgroundInfo_bg_003_06_01_00
428;com.explodingRabbit.cross.games.GameMegaMan_Nsf
343;com.smbc.data.MovieClipInfo_fg_004_04_01_01
427;com.explodingRabbit.cross.games.GameSuperCastlevania4_GameOverData
408;com.smbc.graphics.BackgroundInfo_bg_012_01_02_00
328;com.smbc.data.MovieClipInfo_bg_010_04_02_00
430;com.smbc.graphics.skins.BmdInfo_luigi_palette
429;com.explodingRabbit.cross.games.GameSuperMarioBros3_Nsfe
431;com.smbc.graphics.BackgroundInfo_bg_006_02_02_00
420;com.smbc.graphics.BackgroundInfo_bg_000_03_01_00
432;com.smbc.graphics.BackgroundInfo_bg_006_09_02_00
433;com.smbc.graphics.BackgroundInfo_bg_004_07_01_00
434;com.explodingRabbit.cross.games.GameSuperMarioBros2Snes_WartData
435;com.smbc.graphics.Palette_GbPalettesClass
436;com.explodingRabbit.cross.games.GameDragonWarriorSnes_DarkDungeonFloor1Data
437;com.explodingRabbit.cross.games.GameSuperCastlevania4_DeathOfSimonData
438;com.explodingRabbit.cross.games.GameMegaMan7_WilysSecretWeaponData
439;com.explodingRabbit.cross.games.GameNinjaGaidenSnes_ConstructionSiteData
440;com.explodingRabbit.cross.games.GameFinalFantasyMysticQuest_MountainRangeData
441;com.smbc.graphics.BackgroundInfo_bg_012_12_01_00
14;com.smbc.graphics.SkinMask
408;com.smbc.graphics.BackgroundInfo_bg_007_01_06_00
337;com.smbc.data.MovieClipInfo_bg_010_02_04_00
442;com.explodingRabbit.cross.games.GameFinalFantasyMysticQuest_BeautifulForestData
443;com.explodingRabbit.cross.games.GameZeldaLinkToThePast_GuessingGameHouseData
444;com.explodingRabbit.cross.games.GameFinalFantasy6_TitleData
445;com.explodingRabbit.cross.games.GameMegaManAndBass_VictoryData
408;com.smbc.graphics.BackgroundInfo_bg_003_14_01_00
447;com.smbc.graphics.BackgroundInfo_bg_000_01_08_00
446;com.smbc.graphics.BackgroundInfo_bg_013_03_01_00
449;com.explodingRabbit.cross.games.GameSuperMarioBrosSnes_KingBowserFastData
448;com.smbc.graphics.BackgroundInfo_bg_006_16_01_00
109;com.smbc.data.MovieClipInfo_RushMc
450;com.explodingRabbit.cross.games.GameSuperCastlevania4_SpinningTowerData
451;com.smbc.graphics.BackgroundInfo_bg_006_06_01_00
452;com.explodingRabbit.cross.games.GameSuperMarioBros3Snes_CourseClearData
408;com.smbc.graphics.BackgroundInfo_bg_000_01_06_00
453;com.smbc.graphics.BackgroundInfo_bg_002_07_01_00
454;com.smbc.graphics.BackgroundInfo_fg_005_03_01_01
455;com.smbc.graphics.skins.BmdInfo_palette_015
456;com.smbc.graphics.skins.BmdInfo_palette_014
459;com.explodingRabbit.cross.games.GameSuperMarioBrosSnes_TimeUpWarningData
458;com.smbc.graphics.skins.BmdInfo_palette_013
457;com.smbc.graphics.BackgroundInfo_bg_008_05_02_00
460;com.smbc.graphics.skins.BmdInfo_palette_012
461;com.smbc.graphics.BackgroundInfo_bg_003_05_03_00
463;com.explodingRabbit.cross.games.GameSuperMarioBrosSnes_GameSelect
462;com.explodingRabbit.cross.games.GameSuperMarioBrosSnes_UndergroundFastData
464;com.explodingRabbit.cross.games.GameCastlevaniaDraculaX_CreditData
466;com.smbc.graphics.BackgroundInfo_bg_015_02_05_00
465;com.smbc.graphics.BackgroundInfo_bg_013_11_01_00
467;com.explodingRabbit.cross.games.GameSuperMarioWorld_CastleFastData
355;com.smbc.graphics.BackgroundInfo_fg_003_05_01_00
468;com.smbc.graphics.BackgroundInfo_bg_006_04_02_00
469;com.explodingRabbit.cross.games.GameSuperMetroid_ContinueData
471;com.explodingRabbit.cross.games.GameSuperMarioBros3Snes_GrassLandData
470;com.explodingRabbit.cross.games.GameSuperMarioBros3Snes_TheEvilKingBowserFastData
472;com.smbc.graphics.BackgroundInfo_bg_006_07_01_00
260;com.smbc.data.MovieClipInfo_BillIconMc
474;com.explodingRabbit.cross.games.GameDragonWarrior_Nsfe
473;com.smbc.graphics.BackgroundInfo_bg_007_01_02_00
408;com.smbc.graphics.BackgroundInfo_bg_011_01_07_00
408;com.smbc.graphics.BackgroundInfo_bg_014_03_02_00
475;com.smbc.graphics.BackgroundInfo_bg_004_01_01_01
476;com.smbc.graphics.BackgroundInfo_bg_014_04_02_00
477;com.smbc.graphics.BackgroundInfo_bg_009_01_02_00
478;com.smbc.graphics.BackgroundInfo_bg_002_01_02_00
252;com.smbc.data.MovieClipInfo_FireEnemyMc
479;com.explodingRabbit.cross.games.GameSuperMarioBrosSnes_BonusData
481;com.explodingRabbit.cross.games.GameSuperMarioWorld_UnderGroundFastData
480;com.smbc.graphics.BackgroundInfo_bg_004_12_01_00
482;com.explodingRabbit.cross.games.GameSuperCastlevania4_PillardCorridorData
483;com.explodingRabbit.cross.games.GameDragonWarriorSnes_RainbowBridgeData
484;com.smbc.graphics.BackgroundInfo_bg_002_01_04_00
94;com.smbc.data.MovieClipInfo_LakituMc
485;com.explodingRabbit.cross.games.GameSuperMarioBrosSnes_WaterData
486;com.explodingRabbit.cross.games.GameSuperMarioWorld_InvincibleFastData
488;com.explodingRabbit.cross.games.GameFinalFantasyMysticQuest_LastCastleData
487;com.smbc.graphics.BackgroundInfo_bg_003_08_02_00
227;com.smbc.data.MovieClipInfo_CoinExplosionMc
489;com.explodingRabbit.cross.games.GameZeldaLinkToThePast_KakarikoVillageData
182;com.smbc.data.MovieClipInfo_SophiaMc
490;com.smbc.graphics.BackgroundInfo_bg_003_10_01_00
491;com.smbc.graphics.BackgroundInfo_bg_012_14_01_00
272;com.smbc.data.MovieClipInfo_BillSimpleGraphicsMc
250;com.smbc.data.MovieClipInfo_CheepSlowMc
493;com.explodingRabbit.cross.games.GameZeldaLinkToThePast_PrincessZeldasRescueData
492;com.smbc.graphics.BackgroundInfo_bg_004_01_01_00
495;com.smbc.graphics.skins.BmdInfo_palette_000
494;com.smbc.graphics.BackgroundInfo_bg_013_14_04_00
496;com.smbc.graphics.BackgroundInfo_bg_009_04_01_00
497;com.smbc.graphics.skins.BmdInfo_palette_006
498;com.smbc.graphics.skins.BmdInfo_palette_005
499;com.smbc.graphics.skins.BmdInfo_palette_008
172;com.smbc.data.MovieClipInfo_KoopaRedMc
461;com.smbc.graphics.BackgroundInfo_bg_003_05_07_00
500;com.smbc.graphics.skins.BmdInfo_palette_007
501;com.smbc.graphics.skins.BmdInfo_palette_002
502;com.smbc.graphics.skins.BmdInfo_palette_001
219;com.smbc.data.MovieClipInfo_PipeTransporterMc
505;com.explodingRabbit.cross.games.GameZeldaBs_EndingData
504;com.smbc.graphics.skins.BmdInfo_palette_004
503;com.smbc.graphics.BackgroundInfo_bg_006_10_02_00
506;com.smbc.graphics.skins.BmdInfo_palette_003
352;com.smbc.graphics.BackgroundInfo_bg_010_05_01_00
507;com.smbc.graphics.skins.BmdInfo_palette_009
508;com.explodingRabbit.cross.games.GameFinalFantasy6_CoinHeavenData
248;com.smbc.data.MovieClipInfo_CheepFastMc
509;com.explodingRabbit.cross.games.GameSuperMarioBrosSnes_EndingData
510;com.explodingRabbit.cross.games.GameSuperMarioBrosSnes_OverworldFastData
511;com.explodingRabbit.cross.games.GameFinalFantasyMysticQuest_DungeonAndWaterfalData
254;com.smbc.data.MovieClipInfo_FireBarMc
512;com.smbc.graphics.BackgroundInfo_bg_001_02_02_02
514;com.smbc.graphics.skins.BmdInfo_palette_010
513;com.explodingRabbit.cross.games.GameMegaMan4_Nsf
515;com.smbc.graphics.skins.BmdInfo_palette_011
516;com.explodingRabbit.cross.games.GameSuperMetroid_CrateriaUndergroundData
517;com.explodingRabbit.cross.games.GameDragonWarriorSnes_CursedData
139;com.smbc.data.MovieClipInfo_SamusBombMc
518;com.smbc.graphics.BackgroundInfo_bg_001_02_02_00
373;com.smbc.graphics.BackgroundInfo_bg_001_02_02_01
519;com.smbc.graphics.BackgroundInfo_bg_015_05_03_00
29;sample.libgme_2F_var_2F_folders_2F_9m_2F_bnph4mbj1gq2gp7ccy_vg60h0000gn_2F_T_2F__2F_ccY8M7iW_2E_lto_2E_bc_3A_4CB129AA_2D_159F_2D_42A5_2D_8B7B_2D_F551332DADE2.DS135
521;com.explodingRabbit.cross.games.GameDragonWarriorSnes_PeacefulVillageData
520;com.smbc.graphics.BackgroundInfo_bg_003_07_01_00
277;com.smbc.data.MovieClipInfo_SophiaIconMc
33;sample.libgme_2F_var_2F_folders_2F_9m_2F_bnph4mbj1gq2gp7ccy_vg60h0000gn_2F_T_2F__2F_ccY8M7iW_2E_lto_2E_bc_3A_4CB129AA_2D_159F_2D_42A5_2D_8B7B_2D_F551332DADE2.DS132
522;com.explodingRabbit.cross.games.GameDragonWarriorSnes_PrincessGwaelinsLoveData
316;com.smbc.graphics.BackgroundInfo_bg_010_04_01_00
524;com.explodingRabbit.cross.games.GameZeldaLinkToThePast_DungeonOfShadowsData
523;com.explodingRabbit.cross.games.GameSuperMarioWorld_CastleData
408;com.smbc.graphics.BackgroundInfo_bg_003_11_01_00
158;com.smbc.data.MovieClipInfo_MegaManEnergyBarMc
525;com.smbc.graphics.BackgroundInfo_bg_005_01_02_00
526;com.explodingRabbit.cross.games.GameMegaMan4Gb_Gbs
179;com.smbc.data.MovieClipInfo_SamusShotMc
408;com.smbc.graphics.BackgroundInfo_bg_011_01_04_00
527;com.smbc.graphics.BackgroundInfo_bg_009_10_01_00
528;com.smbc.graphics.BackgroundInfo_bg_009_02_04_00
529;com.explodingRabbit.cross.games.GameSuperMarioBros2Snes_OverworldData
420;com.smbc.graphics.BackgroundInfo_bg_011_05_01_00
530;com.explodingRabbit.cross.games.GameSuperMarioBros2Snes_UnderworldData
25;sample.libgme_2F_var_2F_folders_2F_9m_2F_bnph4mbj1gq2gp7ccy_vg60h0000gn_2F_T_2F__2F_ccY8M7iW_2E_lto_2E_bc_3A_4CB129AA_2D_159F_2D_42A5_2D_8B7B_2D_F551332DADE2.DS137
531;com.explodingRabbit.cross.games.GameZeldaLinkToThePast_SealOfSevenMaidensData
532;com.smbc.graphics.BackgroundInfo_bg_004_13_02_01
533;com.explodingRabbit.cross.games.GameMegaMan9_Nsfe
534;com.explodingRabbit.cross.games.GameFinalFantasyMysticQuest_Battle2Data
40;sample.libgme_2F_var_2F_folders_2F_9m_2F_bnph4mbj1gq2gp7ccy_vg60h0000gn_2F_T_2F__2F_ccY8M7iW_2E_lto_2E_bc_3A_4CB129AA_2D_159F_2D_42A5_2D_8B7B_2D_F551332DADE2.DS141
535;com.smbc.graphics.BackgroundInfo_bg_013_02_02_01
364;com.smbc.graphics.BackgroundInfo_bg_013_02_02_02
536;com.smbc.graphics.BackgroundInfo_rep_003_castle
537;com.smbc.graphics.BackgroundInfo_bg_013_02_02_00
539;com.explodingRabbit.cross.games.GameSuperMarioWorld_GhostHouseData
538;com.smbc.graphics.BackgroundInfo_bg_005_04_03_00
540;com.smbc.sound.MusicInfo_NinjaGaiden2Nsf
541;com.smbc.graphics.skins.BmdInfo_bass_palette
246;com.smbc.data.MovieClipInfo_PitSimpleGraphicsMc
542;com.smbc.graphics.BackgroundInfo_bg_009_13_01_00
543;com.smbc.graphics.BackgroundInfo_bg_005_06_04_00
544;com.smbc.graphics.BackgroundInfo_bg_012_16_01_00
358;com.smbc.data.MovieClipInfo_bg_001_05_03_00
545;com.smbc.graphics.BackgroundInfo_bg_012_09_01_00
234;com.smbc.data.MovieClipInfo_FireFlowerMc
546;com.smbc.graphics.BackgroundInfo_bg_015_08_01_00
304;com.smbc.graphics.BackgroundInfo_bg_010_02_03_00
512;com.smbc.graphics.BackgroundInfo_bg_001_01_09_02
547;com.smbc.graphics.BackgroundInfo_bg_002_05_01_00
548;com.explodingRabbit.cross.games.GameZeldaLinkToThePast_HyruleFieldData
63;sample.libgme_2F_var_2F_folders_2F_9m_2F_bnph4mbj1gq2gp7ccy_vg60h0000gn_2F_T_2F__2F_ccY8M7iW_2E_lto_2E_bc_3A_4CB129AA_2D_159F_2D_42A5_2D_8B7B_2D_F551332DADE2.DS113
373;com.smbc.graphics.BackgroundInfo_bg_001_01_09_01
549;com.smbc.graphics.BackgroundInfo_bg_013_01_01_00
518;com.smbc.graphics.BackgroundInfo_bg_001_01_09_00
551;com.smbc.graphics.BackgroundInfo_bg_013_01_01_01
550;com.smbc.graphics.BackgroundInfo_bg_006_15_01_00
373;com.smbc.data.MovieClipInfo_BgNightStarsMc
20;com.smbc.data.ARect
552;com.smbc.graphics.BackgroundInfo_bg_013_01_01_02
214;com.smbc.data.MovieClipInfo_FontCharMenuMc
554;com.smbc.graphics.BackgroundInfo_bg_003_04_01_00
553;com.smbc.graphics.BackgroundInfo_bg_009_15_01_00
379;com.smbc.graphics.BackgroundInfo_bg_010_02_05_00
408;com.smbc.graphics.BackgroundInfo_bg_001_03_02_00
555;com.explodingRabbit.cross.games.GameMegaMan9_Nsf
556;com.smbc.graphics.BackgroundInfo_bg_001_03_02_01
65;sample.libgme_2F_var_2F_folders_2F_9m_2F_bnph4mbj1gq2gp7ccy_vg60h0000gn_2F_T_2F__2F_ccY8M7iW_2E_lto_2E_bc_3A_4CB129AA_2D_159F_2D_42A5_2D_8B7B_2D_F551332DADE2.DS116
367;com.smbc.graphics.BackgroundInfo_bg_012_01_04_01
66;sample.libgme_2F_var_2F_folders_2F_9m_2F_bnph4mbj1gq2gp7ccy_vg60h0000gn_2F_T_2F__2F_ccY8M7iW_2E_lto_2E_bc_3A_4CB129AA_2D_159F_2D_42A5_2D_8B7B_2D_F551332DADE2.DS114
297;com.smbc.projectiles.FlyingCoin
549;com.smbc.graphics.BackgroundInfo_bg_013_04_02_00
551;com.smbc.graphics.BackgroundInfo_bg_013_04_02_01
213;com.smbc.data.MovieClipInfo_FireworkMc
557;com.smbc.graphics.BackgroundInfo_bg_013_04_02_02
68;sample.libgme_2F_var_2F_folders_2F_9m_2F_bnph4mbj1gq2gp7ccy_vg60h0000gn_2F_T_2F__2F_ccY8M7iW_2E_lto_2E_bc_3A_4CB129AA_2D_159F_2D_42A5_2D_8B7B_2D_F551332DADE2.DS119
203;com.smbc.data.MovieClipInfo_CheepFlyingMc
558;com.smbc.graphics.BackgroundInfo_bg_001_05_02_01
559;com.smbc.graphics.BackgroundInfo_bg_004_10_03_00
408;com.smbc.graphics.BackgroundInfo_bg_001_05_02_00
441;com.smbc.graphics.BackgroundInfo_bg_012_01_04_00
560;com.explodingRabbit.cross.games.GameContra_Nsfe
75;sample.libgme_2F_var_2F_folders_2F_9m_2F_bnph4mbj1gq2gp7ccy_vg60h0000gn_2F_T_2F__2F_ccY8M7iW_2E_lto_2E_bc_3A_4CB129AA_2D_159F_2D_42A5_2D_8B7B_2D_F551332DADE2.DS123
561;com.smbc.graphics.BackgroundInfo_bg_006_13_01_00
562;com.smbc.graphics.skins.BmdInfo_Map013
563;com.smbc.graphics.skins.BmdInfo_Map012
564;com.smbc.graphics.skins.BmdInfo_Map011
328;com.smbc.graphics.BackgroundInfo_bg_010_04_02_00
566;com.explodingRabbit.cross.games.GameZeldaLinkToThePast_AngerOfTheGuardiansData
565;com.smbc.graphics.skins.BmdInfo_Map010
567;com.smbc.graphics.skins.BmdInfo_Map015
568;com.smbc.graphics.skins.BmdInfo_Map014
569;com.smbc.graphics.BackgroundInfo_bg_009_03_02_00
76;sample.libgme_2F_var_2F_folders_2F_9m_2F_bnph4mbj1gq2gp7ccy_vg60h0000gn_2F_T_2F__2F_ccY8M7iW_2E_lto_2E_bc_3A_4CB129AA_2D_159F_2D_42A5_2D_8B7B_2D_F551332DADE2.DS126
570;com.smbc.graphics.BackgroundInfo_bg_006_04_01_00
571;com.explodingRabbit.cross.games.GameFinalFantasy6_TerraData
77;sample.libgme_2F_var_2F_folders_2F_9m_2F_bnph4mbj1gq2gp7ccy_vg60h0000gn_2F_T_2F__2F_ccY8M7iW_2E_lto_2E_bc_3A_4CB129AA_2D_159F_2D_42A5_2D_8B7B_2D_F551332DADE2.DS129
136;com.smbc.data.MovieClipInfo_LinkBoomerangMc
286;com.smbc.sound.SoundInfo_BillMachineGunSnd
572;com.smbc.graphics.BackgroundInfo_bg_002_02_01_00
573;com.smbc.graphics.BackgroundInfo_bg_010_04_04_00
168;com.smbc.data.MovieClipInfo_MegaManMc
574;com.explodingRabbit.cross.games.GameMegaMan7_StaffRollData
331;com.smbc.graphics.BackgroundInfo_bg_001_03_04_00
576;com.explodingRabbit.cross.games.GameSuperMetroid_MotherBrainData
575;com.explodingRabbit.cross.games.GameContra3_RoadWarriorsData
577;com.explodingRabbit.cross.games.GameCastlevaniaDraculaX_PictureOfTheGhostShipData
578;com.explodingRabbit.cross.games.GameSuperMarioBros3Snes_OverworldFastData
579;com.smbc.graphics.BackgroundInfo_bg_006_12_02_00
115;com.smbc.data.MovieClipInfo_VicViperMc
408;com.smbc.graphics.BackgroundInfo_bg_003_05_08_00
331;com.smbc.data.MovieClipInfo_BgUnderGroundMc
152;com.smbc.data.MovieClipInfo_SimonProjectileMc
241;com.smbc.data.MovieClipInfo_HammerBroMc
580;com.smbc.graphics.BackgroundInfo_fg_001_03_03_00
581;com.smbc.graphics.BackgroundInfo_bg_001_01_06_00
582;com.smbc.graphics.BackgroundInfo_bg_001_01_06_01
583;com.smbc.graphics.BackgroundInfo_bg_001_01_06_02
584;com.explodingRabbit.cross.games.GameZeldaBs_DiscoveryData
230;com.smbc.data.MovieClipInfo_BeetleMc
585;com.explodingRabbit.cross.games.GameCastlevaniaDraculaX_SlashData
43;sample.libgme_2F_var_2F_folders_2F_9m_2F_bnph4mbj1gq2gp7ccy_vg60h0000gn_2F_T_2F__2F_ccY8M7iW_2E_lto_2E_bc_3A_4CB129AA_2D_159F_2D_42A5_2D_8B7B_2D_F551332DADE2.DS100
586;com.explodingRabbit.cross.games.GameFinalFantasy6_ChooseCharacterData
41;sample.libgme_2F_var_2F_folders_2F_9m_2F_bnph4mbj1gq2gp7ccy_vg60h0000gn_2F_T_2F__2F_ccY8M7iW_2E_lto_2E_bc_3A_4CB129AA_2D_159F_2D_42A5_2D_8B7B_2D_F551332DADE2.DS101
39;sample.libgme_2F_var_2F_folders_2F_9m_2F_bnph4mbj1gq2gp7ccy_vg60h0000gn_2F_T_2F__2F_ccY8M7iW_2E_lto_2E_bc_3A_4CB129AA_2D_159F_2D_42A5_2D_8B7B_2D_F551332DADE2.DS108
38;sample.libgme_2F_var_2F_folders_2F_9m_2F_bnph4mbj1gq2gp7ccy_vg60h0000gn_2F_T_2F__2F_ccY8M7iW_2E_lto_2E_bc_3A_4CB129AA_2D_159F_2D_42A5_2D_8B7B_2D_F551332DADE2.DS107
590;com.explodingRabbit.cross.games.GameNinjaGaidenSnes_SunriseData
589;com.explodingRabbit.cross.games.GameSuperMarioBrosAtari_MarioBros
588;com.explodingRabbit.cross.games.GameMegaMan3Gb_Gbs
587;com.smbc.graphics.BackgroundInfo_bg_003_04_02_00
45;sample.libgme_2F_var_2F_folders_2F_9m_2F_bnph4mbj1gq2gp7ccy_vg60h0000gn_2F_T_2F__2F_ccY8M7iW_2E_lto_2E_bc_3A_4CB129AA_2D_159F_2D_42A5_2D_8B7B_2D_F551332DADE2.DS104
591;com.smbc.graphics.BackgroundInfo_bg_010_03_03_00
592;com.smbc.graphics.BackgroundInfo_bg_011_08_01_00
593;com.explodingRabbit.cross.games.GameSuperCastlevania4_StageClearData
594;com.smbc.graphics.BackgroundInfo_bg_010_01_09_00
420;com.smbc.graphics.BackgroundInfo_bg_000_02_02_00
595;com.smbc.graphics.BackgroundInfo_bg_008_01_03_00
582;com.smbc.graphics.BackgroundInfo_bg_001_02_01_01
597;com.explodingRabbit.cross.games.GameSuperCastlevania4_ThemeOfSimonData
596;com.smbc.graphics.BackgroundInfo_bg_001_02_01_02
581;com.smbc.graphics.BackgroundInfo_bg_001_02_01_00
410;com.smbc.graphics.BackgroundInfo_bg_008_01_01_00
599;com.smbc.graphics.skins.BmdInfo_Bass003
598;com.smbc.graphics.BackgroundInfo_bg_012_11_01_00
600;com.smbc.graphics.skins.BmdInfo_Bass002
603;com.smbc.graphics.skins.BmdInfo_Bass001
602;com.explodingRabbit.cross.games.GameSuperMarioWorld_GameSelect
601;com.smbc.graphics.BackgroundInfo_bg_004_13_02_00
604;com.smbc.graphics.skins.BmdInfo_Bass000
209;com.smbc.data.MovieClipInfo_SimonPickupMc
605;com.smbc.graphics.skins.BmdInfo_Bass009
606;com.smbc.graphics.skins.BmdInfo_Bass008
607;com.smbc.graphics.skins.BmdInfo_Bass007
608;com.smbc.graphics.skins.BmdInfo_Bass006
609;com.smbc.graphics.skins.BmdInfo_Bass005
408;com.smbc.graphics.BackgroundInfo_bg_008_03_02_00
610;com.smbc.graphics.skins.BmdInfo_Bass004
611;com.explodingRabbit.cross.games.GameContra_Nsf
612;com.explodingRabbit.cross.games.GameDragonWarriorSnes_HerosFanfareData
614;com.explodingRabbit.cross.games.GameZeldaLinkToThePast_BlackMistData
613;com.explodingRabbit.cross.games.GameSuperMarioBros3Snes_AirshipData
615;com.smbc.graphics.BackgroundInfo_bg_010_05_06_00
616;com.smbc.graphics.skins.BmdInfo_Bass012
617;com.smbc.graphics.skins.BmdInfo_Bass011
618;com.smbc.graphics.skins.BmdInfo_Bass014
620;com.explodingRabbit.cross.games.GameContra3_MissionAccomplishedData
619;com.smbc.graphics.skins.BmdInfo_Bass013
621;com.smbc.graphics.BackgroundInfo_bg_003_01_02_00
595;com.smbc.graphics.BackgroundInfo_bg_008_06_01_00
622;com.smbc.graphics.skins.BmdInfo_Bass010
624;com.explodingRabbit.cross.games.GameZeldaBs_SmallItemData
623;com.explodingRabbit.cross.games.GameSuperCastlevania4_DraculaBattleData
625;com.explodingRabbit.cross.games.GameSuperMarioBros3Snes_TitleData
626;com.smbc.graphics.BackgroundInfo_bg_013_01_02_02
627;com.explodingRabbit.cross.games.GameMegaManAndBass_PiratemanData
551;com.smbc.graphics.BackgroundInfo_bg_013_01_02_01
628;com.explodingRabbit.cross.games.GameBlasterMasterSnes_Area3Data
549;com.smbc.graphics.BackgroundInfo_bg_013_01_02_00
192;com.smbc.data.MovieClipInfo_FlyMc
629;com.smbc.graphics.BackgroundInfo_bg_001_01_01_02
582;com.smbc.graphics.BackgroundInfo_bg_001_01_01_01
581;com.smbc.graphics.BackgroundInfo_bg_001_01_01_00
630;com.smbc.graphics.BackgroundInfo_bg_006_03_01_00
631;com.smbc.graphics.BackgroundInfo_bg_002_10_01_00
632;com.smbc.graphics.BackgroundInfo_bg_010_01_11_00
633;com.explodingRabbit.cross.games.GameDragonWarriorSnes_ErdricksDescendantData
245;com.smbc.data.MovieClipInfo_StarBurstMc
634;com.smbc.graphics.BackgroundInfo_bg_004_08_03_00
635;com.explodingRabbit.cross.games.GameContra3_GroundZeroData
580;com.smbc.graphics.BackgroundInfo_fg_001_05_02_00
637;com.explodingRabbit.cross.games.GameZeldaLinkToThePast_DarkGoldenLandData
636;com.smbc.graphics.BackgroundInfo_bg_006_08_02_00
134;com.smbc.data.MovieClipInfo_ExplodingRabbitLogoMc
408;com.smbc.graphics.BackgroundInfo_bg_011_05_02_00
408;com.smbc.graphics.BackgroundInfo_bg_011_01_06_00
638;com.smbc.graphics.BackgroundInfo_bg_015_02_02_00
408;com.smbc.graphics.BackgroundInfo_bg_012_13_01_00
212;com.smbc.data.MovieClipInfo_LinkPickupMc
639;com.explodingRabbit.cross.games.GameSuperMarioBros2Snes_WorldClearData
135;com.smbc.data.MovieClipInfo_RyuIconMc
640;com.explodingRabbit.cross.games.GameMetroid2_Gbs
641;com.explodingRabbit.cross.games.GameSuperMarioBrosSnes_TitleData
97;com.smbc.data.MovieClipInfo_RyuProjectileMc
642;com.explodingRabbit.cross.games.GameSuperMetroid_NorfairAncientRuinsData
408;com.smbc.graphics.BackgroundInfo_bg_000_01_02_00
643;com.smbc.graphics.BackgroundInfo_bg_006_02_03_00
644;com.explodingRabbit.cross.games.GameSuperMarioBros2Snes_PlayerSelectData
645;com.explodingRabbit.cross.games.GameZeldaLinkToThePast_ThePrinceOfDarknessData
580;com.smbc.graphics.BackgroundInfo_fg_001_04_01_00
646;com.explodingRabbit.cross.games.GameContra3_NoMansLandData
647;com.smbc.graphics.BackgroundInfo_bg_005_05_01_00
648;com.explodingRabbit.cross.games.GameSuperMarioWorld_WinCastleData
649;com.smbc.graphics.skins.BmdInfo_Luigi009
651;com.smbc.graphics.skins.BmdInfo_Luigi006
650;com.explodingRabbit.cross.games.GameCastlevaniaDraculaX_BeginningData
652;com.smbc.graphics.skins.BmdInfo_Luigi005
655;com.smbc.graphics.skins.BmdInfo_Luigi008
654;com.explodingRabbit.cross.games.GameCastlevaniaDraculaX_MapData
653;com.explodingRabbit.cross.games.GameMegaManAndBass_CharacterSelectData
656;com.smbc.graphics.skins.BmdInfo_Luigi007
657;com.smbc.graphics.skins.BmdInfo_Luigi012
658;com.explodingRabbit.cross.games.GameTetrisDrMario_TetrisThemeData
660;com.explodingRabbit.cross.games.GameSuperMarioBros2Snes_EndingData
659;com.explodingRabbit.cross.games.GameFinalFantasy6_CreditsData
271;com.smbc.data.MovieClipInfo_CoinMc
661;com.smbc.graphics.BackgroundInfo_bg_005_05_02_00
662;com.smbc.graphics.skins.BmdInfo_Luigi010
663;com.smbc.graphics.skins.BmdInfo_Luigi011
664;com.smbc.graphics.skins.BmdInfo_ryu_palette
408;com.smbc.graphics.BackgroundInfo_bg_012_02_01_00
665;com.explodingRabbit.cross.games.GameSuperMarioBros3Snes_PlayerDownData
379;com.smbc.data.MovieClipInfo_bg_010_02_01_00
581;com.smbc.graphics.BackgroundInfo_bg_001_06_02_00
290;com.smbc.sound.SoundInfo_LinkJumpSnd
582;com.smbc.graphics.BackgroundInfo_bg_001_06_02_01
667;com.explodingRabbit.cross.games.GameContra3_NeoKobeSteelFactoryData
666;com.explodingRabbit.cross.games.GameSuperMarioBros3_Nsf
668;com.explodingRabbit.cross.games.GameSuperMetroid_BigBossConfrontation2Data
580;com.smbc.graphics.BackgroundInfo_fg_013_02_04_00
629;com.smbc.graphics.BackgroundInfo_bg_001_06_02_02
670;com.explodingRabbit.cross.games.GameNinjaGaidenSnes_ActData
669;com.smbc.graphics.BackgroundInfo_bg_001_06_02_03
671;com.explodingRabbit.cross.games.GameSuperMarioBros3Snes_GameOverData
672;com.explodingRabbit.cross.games.GameDragonWarriorSnes_ThroneOfDarknessData
674;com.smbc.graphics.skins.BmdInfo_Luigi003
287;com.smbc.sound.SoundInfo_MegaManWaterShieldSnd
278;com.smbc.data.MovieClipInfo_ScrollingIndicatorMc
673;com.smbc.graphics.BackgroundInfo_bg_010_01_01_00
675;com.smbc.graphics.skins.BmdInfo_Luigi004
676;com.smbc.graphics.skins.BmdInfo_Luigi001
677;com.smbc.graphics.skins.BmdInfo_Luigi002
678;com.smbc.graphics.skins.BmdInfo_Luigi000
679;com.explodingRabbit.cross.games.GameMegaManAndBass_AstromanData
88;com.smbc.data.MovieClipInfo_MegaManParticleMc
680;com.explodingRabbit.cross.games.GameMegaMan6_Nsf
681;com.smbc.graphics.BackgroundInfo_bg_012_07_01_00
207;com.smbc.data.MovieClipInfo_RyuPickupMc
682;com.explodingRabbit.cross.games.GameTetrisDrMario_MixedMusic1Data
683;com.smbc.graphics.BackgroundInfo_bg_008_04_01_00
684;com.explodingRabbit.cross.games.GameArkistasRing_NSF
686;com.smbc.graphics.skins.BmdInfo_Map007
685;com.smbc.graphics.BackgroundInfo_bg_003_03_01_00
687;com.smbc.graphics.skins.BmdInfo_Map008
220;com.smbc.data.MovieClipInfo_BowserAxeMc
688;com.smbc.graphics.skins.BmdInfo_Map009
408;com.smbc.graphics.BackgroundInfo_bg_012_15_02_00
454;com.smbc.graphics.BackgroundInfo_fg_005_03_02_01
689;com.smbc.graphics.skins.BmdInfo_Map003
691;com.smbc.graphics.skins.BmdInfo_Map004
690;com.smbc.graphics.BackgroundInfo_bg_009_01_01_00
692;com.smbc.graphics.skins.BmdInfo_Map005
693;com.smbc.graphics.skins.BmdInfo_Map006
165;com.smbc.data.MovieClipInfo_HudsonBeeMc
211;com.smbc.data.MovieClipInfo_BulletBillMc
694;com.explodingRabbit.cross.games.GameSuperMarioBros3Snes_AthleticData
695;com.smbc.graphics.skins.BmdInfo_Map000
696;com.smbc.graphics.skins.BmdInfo_Map001
697;com.smbc.graphics.skins.BmdInfo_Map002
698;com.explodingRabbit.cross.games.GameFinalFantasy6_StarData
700;com.explodingRabbit.cross.games.GameSuperMarioWorld_WaterFastData
699;com.explodingRabbit.cross.games.GameSuperMarioWorld_UnderGroundData
701;com.explodingRabbit.cross.games.GameFinalFantasyMysticQuest_Battle1Data
592;com.smbc.graphics.BackgroundInfo_bg_000_04_01_00
16;com.smbc.data.HRect
702;com.smbc.graphics.BackgroundInfo_bg_014_01_01_00
340;com.smbc.graphics.BackgroundInfo_bg_013_01_03_03
552;com.smbc.graphics.BackgroundInfo_bg_013_01_03_02
703;com.explodingRabbit.cross.games.GameContra3_TearingUpTheTurnpikeData
551;com.smbc.graphics.BackgroundInfo_bg_013_01_03_01
279;com.smbc.data.MovieClipInfo_BillMc
704;com.explodingRabbit.cross.games.GameSuperMarioBros2Snes_GameOverData
705;com.smbc.graphics.BackgroundInfo_bg_009_06_01_00
549;com.smbc.graphics.BackgroundInfo_bg_013_01_03_00
706;com.smbc.graphics.BackgroundInfo_bg_009_01_03_00
707;com.explodingRabbit.cross.games.GameFinalFantasy_Nsf
708;com.smbc.graphics.BackgroundInfo_bg_012_03_02_00
166;com.smbc.data.MovieClipInfo_MegaManArmMc
709;com.smbc.graphics.BackgroundInfo_bg_012_16_02_00
711;com.explodingRabbit.cross.games.GameMetroid_Nsf
710;com.smbc.graphics.BackgroundInfo_bg_010_07_03_00
712;com.explodingRabbit.cross.games.GameContra3_TheFinalGauntletPart2Data
713;com.smbc.sound.MusicInfo_MegaMan5Nsf
307;com.smbc.graphics.BackgroundInfo_bg_004_10_02_00
714;com.smbc.graphics.BackgroundInfo_bg_004_10_02_01
532;com.smbc.graphics.BackgroundInfo_bg_004_13_01_01
715;com.explodingRabbit.cross.games.GameNinjaGaidenShadow_Gbs
601;com.smbc.graphics.BackgroundInfo_bg_004_13_01_00
717;com.explodingRabbit.cross.games.GameSuperMarioBrosSnes_InvincibleFastData
716;com.explodingRabbit.cross.games.GameSuperMarioBros3Snes_UnderworldData
408;com.smbc.graphics.BackgroundInfo_bg_003_09_01_00
420;com.smbc.graphics.BackgroundInfo_bg_000_06_01_00
718;com.smbc.graphics.skins.BmdInfo_samus_palette
719;com.explodingRabbit.cross.games.GameSuperMetroid_OpeningData
720;com.explodingRabbit.cross.games.GameSuperCastlevania4_TheWaterfallsData
721;com.explodingRabbit.cross.games.GameMegaMan7_BurstManData
722;com.explodingRabbit.cross.games.GameCastlevania3J_Nsf
723;com.smbc.graphics.BackgroundInfo_bg_003_02_01_00
724;com.explodingRabbit.cross.games.GameZeldaLinkToThePast_SoldiersOfKakarikoVillageData
251;com.smbc.data.MovieClipInfo_BlackMageSpellMc
420;com.smbc.graphics.BackgroundInfo_bg_011_01_03_00
725;com.explodingRabbit.cross.games.GameSuperMarioWorld_OverworldData
726;com.smbc.graphics.BackgroundInfo_bg_002_08_01_00
193;com.smbc.data.MovieClipInfo_PitMc
727;com.explodingRabbit.cross.games.GameZeldaBs_MainThemeData
475;com.smbc.graphics.BackgroundInfo_bg_004_02_01_01
729;com.explodingRabbit.cross.games.GameSuperCastlevania4_DraculasDeathData
728;com.smbc.graphics.BackgroundInfo_bg_004_02_01_00
730;com.explodingRabbit.cross.games.GameSuperMarioBrosAtari_NSF
313;com.smbc.graphics.BackgroundInfo_bg_004_03_02_00
732;com.smbc.graphics.BackgroundInfo_bg_007_04_01_00
731;com.smbc.graphics.BackgroundInfo_bg_010_01_03_00
733;com.smbc.graphics.skins.BmdInfo_Ryu003
735;com.explodingRabbit.cross.games.GameSuperMarioBros2Snes_PowerUpFanfareData
734;com.smbc.graphics.skins.BmdInfo_Ryu004
736;com.smbc.graphics.skins.BmdInfo_Ryu001
739;com.smbc.graphics.skins.BmdInfo_Ryu002
513;com.smbc.sound.MusicInfo_MegaMan4Nsf
738;com.smbc.graphics.BackgroundInfo_bg_001_07_02_01
737;com.smbc.graphics.BackgroundInfo_bg_005_01_01_00
740;com.smbc.graphics.skins.BmdInfo_Ryu007
259;com.smbc.data.MovieClipInfo_KoopaGreenMc
18;com.smbc.data.SecondaryHRect
742;com.smbc.graphics.skins.BmdInfo_Ryu008
741;com.smbc.graphics.BackgroundInfo_bg_005_02_01_00
743;com.smbc.graphics.skins.BmdInfo_Ryu005
744;com.smbc.graphics.skins.BmdInfo_Ryu006
352;com.smbc.data.MovieClipInfo_bg_010_05_01_00
518;com.smbc.graphics.BackgroundInfo_bg_001_07_02_00
745;com.smbc.graphics.skins.BmdInfo_bill_palette
748;com.smbc.graphics.skins.BmdInfo_Ryu000
747;com.explodingRabbit.cross.games.GameTetris_Nsfe
746;com.explodingRabbit.cross.games.GameSuperMarioBros3Snes_WorldClearData
361;com.smbc.data.MovieClipInfo_bg_001_01_02_02
749;com.explodingRabbit.cross.games.GameMegaMan7_TheEightRobotMastersData
750;com.explodingRabbit.cross.games.GameTetrisGb_Gbs
751;com.explodingRabbit.cross.games.GameBlasterMasterSnes_Area2Data
752;com.smbc.graphics.BackgroundInfo_bg_006_14_01_00
753;com.explodingRabbit.cross.games.GameFinalFantasyMysticQuest_CityOfWindData
755;com.explodingRabbit.cross.games.GameFinalFantasyMysticQuest_HillOfFateData
754;com.smbc.graphics.BackgroundInfo_bg_006_05_03_00
473;com.smbc.graphics.BackgroundInfo_bg_007_03_02_00
702;com.smbc.graphics.BackgroundInfo_bg_014_06_01_00
494;com.smbc.graphics.BackgroundInfo_bg_013_01_06_00
756;com.smbc.graphics.BackgroundInfo_bg_006_11_02_00
757;com.explodingRabbit.cross.games.GameSuperMarioBrosSnes_CastleData
129;com.smbc.data.MovieClipInfo_TitleBmpMc
164;com.smbc.data.MovieClipInfo_GroundThemeMc
454;com.smbc.graphics.BackgroundInfo_fg_005_03_04_01
758;com.explodingRabbit.cross.games.GameMegaManAndBass_BossBattleData
759;com.smbc.graphics.BackgroundInfo_bg_009_02_05_00
281;com.smbc.data.MovieClipInfo_StarMc
218;com.smbc.data.MovieClipInfo_CastleFlagMc
760;com.explodingRabbit.cross.games.GameSuperCastlevania4_VampireKillerData
358;com.smbc.graphics.BackgroundInfo_bg_001_05_03_00
761;com.smbc.graphics.BackgroundInfo_bg_002_12_01_00
408;com.smbc.graphics.BackgroundInfo_bg_000_03_02_00
370;com.smbc.graphics.BackgroundInfo_bg_013_08_01_00
762;com.smbc.graphics.skins.BmdInfo_link_palette
764;com.explodingRabbit.cross.games.GameDragonWarriorSnes_FairyFluteData
763;com.explodingRabbit.cross.games.GameFinalFantasyMysticQuest_FanfareOfFriendshipData
765;com.smbc.graphics.BackgroundInfo_bg_013_02_01_00
355;com.smbc.data.MovieClipInfo_fg_003_05_02_00
766;com.explodingRabbit.cross.games.GameSuperMarioWorld_BossData
767;com.explodingRabbit.cross.games.GameMegaManAndBass_StageSelectedData
769;com.explodingRabbit.cross.games.GameZeldaLinkToThePast_GreatVictoryData
334;com.smbc.data.MovieClipInfo_bg_004_01_03_01
768;com.explodingRabbit.cross.games.GameCastlevaniaDraculaX_BossData
473;com.smbc.graphics.BackgroundInfo_bg_007_01_05_00
771;com.explodingRabbit.cross.games.GameZeldaLinkToThePast_OcarinaSongShortData
770;com.explodingRabbit.cross.games.GameBlasterMasterSnes_OverworldData
772;com.explodingRabbit.cross.games.GameSuperCastlevania4_SecretRoomData
408;com.smbc.graphics.BackgroundInfo_bg_011_06_02_00
774;com.explodingRabbit.cross.games.GameCastlevaniaDraculaX_OvertureData
773;com.smbc.graphics.BackgroundInfo_bg_015_03_02_00
304;com.smbc.data.MovieClipInfo_bg_010_02_03_00
775;com.smbc.graphics.BackgroundInfo_bg_005_02_04_00
776;com.explodingRabbit.cross.games.GameZeldaLinkToThePast_LostAncientRuinsData
224;com.smbc.graphics.MessageBoxBackground
777;com.smbc.graphics.BackgroundInfo_bg_002_06_01_00
229;com.smbc.data.MovieClipInfo_WingMc
778;com.smbc.graphics.BackgroundInfo_bg_015_02_01_00
779;com.smbc.graphics.BackgroundInfo_bg_006_01_01_00
780;com.explodingRabbit.cross.games.GameZeldaBs_GanonsLairData
313;com.smbc.data.MovieClipInfo_bg_004_03_02_00
781;com.explodingRabbit.cross.games.GameCastlevaniaDraculaX_StageClearData
782;com.explodingRabbit.cross.games.GameSuperMarioBrosSnes_UnderGroundData
102;com.smbc.data.MovieClipInfo_SpineyMc
784;com.explodingRabbit.cross.games.GameCastlevaniaDraculaX_GameOverData
783;com.smbc.graphics.BackgroundInfo_bg_001_01_04_02
582;com.smbc.graphics.BackgroundInfo_bg_001_01_04_01
785;com.explodingRabbit.cross.games.GameMegaMan2_Nsf
702;com.smbc.graphics.BackgroundInfo_bg_014_03_01_00
382;com.smbc.graphics.BackgroundInfo_fg_004_05_01_01
269;com.smbc.data.MovieClipInfo_BloopaMc
786;com.smbc.graphics.BackgroundInfo_bg_005_03_03_00
285;com.smbc.sound.SoundInfo_GameCharacterSelectCursorSnd
787;com.explodingRabbit.cross.games.GameDragonWarriorSnes_OvertureFullData
789;com.explodingRabbit.cross.games.GameNinjaGaidenSnes_PrisonData
788;com.smbc.graphics.BackgroundInfo_bg_012_13_02_00
790;com.smbc.graphics.BackgroundInfo_bg_006_05_01_00
791;com.explodingRabbit.cross.games.GameZeldaBs_ConfrontingGanonData
325;com.smbc.graphics.BackgroundInfo_bg_004_05_01_01
137;com.smbc.data.MovieClipInfo_MegaManProjectileMc
792;com.explodingRabbit.cross.games.GameCastlevaniaDraculaX_EndingData
794;com.explodingRabbit.cross.games.GameTetrisDrMario_MixedMusic2HurryData
793;com.smbc.graphics.BackgroundInfo_bg_004_05_01_00
795;com.smbc.graphics.BackgroundInfo_bg_010_05_03_00
796;com.smbc.graphics.BackgroundInfo_bg_015_04_01_00
797;com.smbc.graphics.BackgroundInfo_bg_013_10_01_00
294;com.smbc.data.MovieClipInfo_BrickPieceMc
581;com.smbc.graphics.BackgroundInfo_bg_001_01_04_00
798;com.smbc.graphics.BackgroundInfo_bg_005_01_03_00
799;com.explodingRabbit.cross.games.GameSuperMetroid_CriteriaSpacePiratesData
800;com.explodingRabbit.cross.games.GameZeldaBs_TriforceOfWisdomData
801;com.smbc.graphics.BackgroundInfo_bg_005_06_02_00
293;com.smbc.sound.SoundInfo_RepeatingSilenceSnd
802;com.explodingRabbit.cross.games.GameMegaMan7_StageClearData
803;com.explodingRabbit.cross.games.GameZeldaOracleOfSeasons_Gbs
159;com.smbc.data.MovieClipInfo_CharacterPortraitMc
244;com.smbc.data.MovieClipInfo_CanonSmokeMc
262;com.smbc.data.MovieClipInfo_ClockMc
805;com.smbc.graphics.BackgroundInfo_bg_015_06_02_00
804;com.smbc.graphics.BackgroundInfo_bg_009_09_01_00
241;com.smbc.enemies.HammerBro
806;com.smbc.graphics.BackgroundInfo_bg_010_08_02_00
702;com.smbc.graphics.BackgroundInfo_bg_014_03_03_00
265;com.smbc.data.MovieClipInfo_PitProjectileMc
807;com.explodingRabbit.cross.games.GameFinalFantasy6_DarkEpicData
808;com.explodingRabbit.cross.games.GameZeldaBs_TriforceOfPowerData
809;com.explodingRabbit.cross.games.GameNinjaGaidenSnes_RunningData
810;com.explodingRabbit.cross.games.GameNinjaGaidenSnes_TheLightStatueData
811;com.explodingRabbit.cross.games.GameSuperMarioBrosSnes_LastBattleFastData
812;com.explodingRabbit.cross.games.GameMegaMan7_SpringManData
813;com.explodingRabbit.cross.games.GameTetrisDrMario_MixedGameOverData
180;com.smbc.data.MovieClipInfo_SophiaBaseMc
385;com.smbc.graphics.BackgroundInfo_bg_010_07_02_00
814;com.explodingRabbit.cross.games.GameZeldaBs_DungeonData
331;com.smbc.graphics.BackgroundInfo_bg_001_03_01_00
815;com.explodingRabbit.cross.games.GameCastlevaniaDraculaX_CemeteryData
816;com.explodingRabbit.cross.games.GameCastlevaniaDraculaX_BloodlinesData
710;com.smbc.graphics.BackgroundInfo_bg_010_01_14_00
343;com.smbc.graphics.BackgroundInfo_fg_004_11_02_01
817;com.explodingRabbit.cross.games.GameTetrisDrMario_Music3HurryData
334;com.smbc.graphics.BackgroundInfo_bg_004_01_03_01
818;com.smbc.graphics.BackgroundInfo_bg_004_01_03_00
819;com.smbc.graphics.BackgroundInfo_bg_014_01_05_00
820;com.explodingRabbit.cross.games.GameSuperMarioWorld_OverworldYoshiFastData
821;com.explodingRabbit.cross.games.GameBlasterMaster_NsfSfx
822;com.smbc.graphics.BackgroundInfo_bg_010_06_01_00
823;com.explodingRabbit.cross.games.GameMegaMan7_StageSelectData
420;com.smbc.graphics.BackgroundInfo_bg_011_06_01_00
408;com.smbc.graphics.BackgroundInfo_bg_008_01_06_00
280;com.smbc.data.MovieClipInfo_PStateIconMc
824;com.smbc.graphics.BackgroundInfo_bg_010_05_07_00
825;com.smbc.graphics.BackgroundInfo_bg_009_02_06_00
826;com.explodingRabbit.cross.games.GameSuperMarioBros2_Nsfe
349;com.smbc.graphics.BackgroundInfo_bg_004_06_02_00
827;com.explodingRabbit.cross.games.GameSuperMarioBros3Snes_EndingData
828;com.explodingRabbit.cross.games.GameSuperMarioBrosAtari_DrMario
263;com.smbc.data.MovieClipInfo_MarioMc
829;com.explodingRabbit.cross.games.GameSuperCastlevania4_Boss1Data
832;com.explodingRabbit.cross.games.GameZelda_Nsf
831;com.explodingRabbit.cross.games.GameMegaManAndBass_GameOverData
830;com.smbc.graphics.BackgroundInfo_bg_009_02_02_00
834;com.explodingRabbit.cross.games.GameFinalFantasy6_GameOverData
833;com.smbc.graphics.BackgroundInfo_bg_007_06_01_00
835;com.explodingRabbit.cross.games.GameSuperMarioBros3Snes_BossFastData
836;com.smbc.graphics.BackgroundInfo_bg_010_01_08_00
408;com.smbc.graphics.BackgroundInfo_bg_011_01_05_00
837;com.smbc.graphics.BackgroundInfo_bg_005_04_04_00
408;com.smbc.graphics.BackgroundInfo_bg_011_01_08_00
408;com.smbc.graphics.BackgroundInfo_bg_000_01_05_00
838;com.explodingRabbit.cross.games.GameNinjaGaidenSnes_FostersThemeData
839;com.explodingRabbit.cross.games.GameFinalFantasy6_FinalBossData
840;com.explodingRabbit.cross.games.GameNinjaGaiden_Nsf
294;com.smbc.projectiles.BrickPiece
841;com.explodingRabbit.cross.games.GameSuperMarioWorld_OverworldFastData
842;com.explodingRabbit.cross.games.GameSuperMarioWorld_WaterData
22;com.smbc.ground.Pipe
843;com.smbc.graphics.BackgroundInfo_bg_015_03_01_00
788;com.smbc.graphics.BackgroundInfo_bg_000_01_07_00
185;com.smbc.data.MovieClipInfo_LinkMc
844;com.explodingRabbit.cross.games.GameSuperMarioWorld_BonusData
845;com.explodingRabbit.cross.games.GameMegaMan7_StageStartData
846;com.smbc.graphics.BackgroundInfo_bg_004_03_01_00
847;com.explodingRabbit.cross.games.GameFinalFantasy6_DieData
848;com.explodingRabbit.cross.games.GameSuperMetroid_EscapeData
310;com.smbc.data.MovieClipInfo_bg_010_04_03_00
200;com.smbc.data.MovieClipInfo_FontCharSimonMc
849;com.explodingRabbit.cross.games.GameMegaMan3_Nsf
850;com.smbc.graphics.BackgroundInfo_bg_014_04_01_00
256;com.smbc.data.MovieClipInfo_BillLegsMc
408;com.smbc.graphics.BackgroundInfo_bg_008_05_01_00
408;com.smbc.graphics.BackgroundInfo_bg_003_13_01_00
852;com.explodingRabbit.cross.games.GameSuperMetroid_WreckedShipData
473;com.smbc.graphics.BackgroundInfo_bg_007_05_01_00
851;com.smbc.graphics.BackgroundInfo_bg_005_02_03_00
853;com.explodingRabbit.cross.games.GameSuperMarioBros3Snes_BossData
854;com.explodingRabbit.cross.games.GameShadowOfTheNinja_Nsf
140;com.smbc.data.MovieClipInfo_PiranhaRedMc
855;com.explodingRabbit.cross.games.GameTetrisDrMario_GameOverData
408;com.smbc.graphics.BackgroundInfo_bg_011_05_03_00
188;com.smbc.data.MovieClipInfo_MarioBasePickupMc
856;com.smbc.graphics.BackgroundInfo_bg_006_07_02_00
857;com.smbc.graphics.BackgroundInfo_bg_010_05_05_00
408;com.smbc.graphics.BackgroundInfo_bg_014_01_03_00
858;com.smbc.graphics.BackgroundInfo_bg_009_08_01_00
860;com.explodingRabbit.cross.games.GameBlasterMasterEnemyBelow_Gbs
859;com.explodingRabbit.cross.games.GameMegaManAndBass_TengumanData
408;com.smbc.graphics.BackgroundInfo_bg_012_08_01_00
861;com.smbc.graphics.BackgroundInfo_bg_004_07_02_00
270;com.smbc.data.MovieClipInfo_BarrelMc
242;com.smbc.data.MovieClipInfo_BillBulletMc
862;com.smbc.graphics.BackgroundInfo_bg_010_03_02_00
863;com.smbc.graphics.BackgroundInfo_bg_013_13_01_00
864;com.smbc.graphics.BackgroundInfo_bg_010_03_02_01
865;com.smbc.graphics.BackgroundInfo_bg_006_10_01_00
866;com.explodingRabbit.cross.games.GameNinjaGaidenSnes_OutpostData
288;com.smbc.sound.SoundInfo_BillNormalShotSnd
867;com.smbc.graphics.skins.BmdInfo_megaMan_palette
788;com.smbc.graphics.BackgroundInfo_bg_003_11_02_00
269;com.smbc.enemies.Bloopa
870;com.explodingRabbit.cross.games.GameSuperMarioBrosAtari_SuperMarioBros2Overworld
869;com.explodingRabbit.cross.games.GameSuperMarioWorld_KingBowserFastData
868;com.smbc.graphics.BackgroundInfo_bg_003_05_02_00
226;com.smbc.data.MovieClipInfo_SamusIconMc
871;com.explodingRabbit.cross.games.GameSuperMarioBros3Snes_InTheCloudsData
872;com.smbc.graphics.BackgroundInfo_bg_004_08_01_00
873;com.explodingRabbit.cross.games.GameDragonWarriorSnes_DarkDungeonFloor2Data
355;com.smbc.graphics.BackgroundInfo_fg_003_05_04_00
874;com.explodingRabbit.cross.games.GameMegaMan7_DrWily4Data
296;com.smbc.graphics.VineSegment
264;com.smbc.data.MovieClipInfo_CanonMc
876;com.explodingRabbit.cross.games.GameSuperMetroid_BrinstarRedSwampyAreaData
875;com.smbc.graphics.BackgroundInfo_bg_003_03_02_00
877;com.explodingRabbit.cross.games.GameCastlevania_Nsf
420;com.smbc.graphics.BackgroundInfo_bg_003_10_03_00
878;com.explodingRabbit.cross.games.GameFinalFantasy6_CharSelectData
408;com.smbc.graphics.BackgroundInfo_bg_011_03_01_00
879;com.explodingRabbit.cross.games.GameFinalFantasyMysticQuest_WorldData
880;com.explodingRabbit.cross.games.GameTetrisDrMario_MixedMusic3Data
881;com.explodingRabbit.cross.games.GameContra3_PointOfEntryData
882;com.explodingRabbit.cross.games.GameFinalFantasyMysticQuest_MysticBalladData
580;com.smbc.graphics.BackgroundInfo_fg_001_04_02_00
85;com.smbc.data.MovieClipInfo_SamusMc
130;com.smbc.data.MovieClipInfo_FlagPoleMc
883;com.smbc.graphics.BackgroundInfo_bg_003_04_03_00
884;com.smbc.graphics.skins.BmdInfo_Sophia006
885;com.smbc.graphics.skins.BmdInfo_Sophia005
887;com.smbc.graphics.skins.BmdInfo_Sophia008
886;com.smbc.graphics.BackgroundInfo_bg_004_11_01_01
889;com.smbc.graphics.skins.BmdInfo_Sophia007
888;com.smbc.graphics.BackgroundInfo_bg_004_11_01_00
890;com.smbc.graphics.skins.BmdInfo_Sophia002
891;com.smbc.graphics.skins.BmdInfo_Sophia001
892;com.smbc.graphics.skins.BmdInfo_Sophia004
592;com.smbc.graphics.BackgroundInfo_bg_000_05_02_00
893;com.smbc.graphics.skins.BmdInfo_Sophia003
441;com.smbc.graphics.BackgroundInfo_bg_012_01_01_00
894;com.smbc.graphics.skins.BmdInfo_Sophia000
537;com.smbc.graphics.BackgroundInfo_bg_013_15_02_00
895;com.explodingRabbit.cross.games.GameCastlevaniaDraculaX_DeathOfRichterData
364;com.smbc.graphics.BackgroundInfo_bg_013_15_02_01
896;com.smbc.graphics.BackgroundInfo_bg_010_01_10_00
732;com.smbc.graphics.BackgroundInfo_bg_007_05_02_00
224;com.smbc.data.MovieClipInfo_MessageBoxBackgroundMc
284;com.smbc.sound.SoundInfo_GamePointsSnd
898;com.explodingRabbit.cross.games.GameMegaMan7_ShademanData
897;com.smbc.graphics.BackgroundInfo_bg_002_04_01_00
465;com.smbc.graphics.BackgroundInfo_bg_013_06_01_00
111;com.smbc.data.MovieClipInfo_FontCharLinkMc
408;com.smbc.graphics.BackgroundInfo_bg_014_01_06_00
150;com.smbc.data.MovieClipInfo_VineMc
899;com.smbc.graphics.BackgroundInfo_bg_010_01_12_00
900;com.explodingRabbit.cross.games.GameMegaMan7_NewWeaponData
194;com.smbc.data.MovieClipInfo_SamusGutsMc
901;com.explodingRabbit.cross.games.GameCastlevaniaDraculaX_VampireHunterData
902;com.smbc.graphics.skins.BmdInfo_mario_palette
199;com.smbc.data.MovieClipInfo_BowserBridgeMc
903;com.smbc.graphics.skins.BmdInfo_Sophia010
875;com.smbc.graphics.BackgroundInfo_bg_003_05_09_00
904;com.explodingRabbit.cross.games.GameSuperMarioWorld_EndingData
364;com.smbc.data.MovieClipInfo_bg_013_stars
905;com.explodingRabbit.cross.games.GameSuperCastlevania4_PasswordData
833;com.smbc.graphics.BackgroundInfo_bg_007_02_01_00
147;com.smbc.data.MovieClipInfo_LevelExitMc
490;com.smbc.graphics.BackgroundInfo_bg_003_05_01_00
906;com.explodingRabbit.cross.games.GameDragonWarriorSnes_TantegelCastleData
907;com.explodingRabbit.cross.games.GameFinalFantasyMysticQuest_CityOfFireData
908;com.smbc.graphics.skins.BmdInfo_Sophia009
12;com.smbc.screens.InformativeBlackScreen
869;com.explodingRabbit.cross.games.GameSuperMarioWorld_KingBowserData
138;com.smbc.data.MovieClipInfo_FontCharHudMc
909;com.explodingRabbit.cross.games.GameNinjaGaidenSnes_SnowfieldData
296;com.smbc.data.MovieClipInfo_VineSegmentMc
385;com.smbc.data.MovieClipInfo_bg_010_07_02_00
910;com.explodingRabbit.cross.games.GameTetrisDrMario_Music2Data
126;com.smbc.data.MovieClipInfo_VicViperPickupMc
912;com.smbc.graphics.BackgroundInfo_bg_013_01_04_01
364;com.smbc.graphics.BackgroundInfo_bg_013_04_01_02
911;com.smbc.graphics.BackgroundInfo_bg_009_06_02_00
914;com.explodingRabbit.cross.games.GameNinjaGaidenSnes_UndergroundData
913;com.explodingRabbit.cross.games.GameSuperMarioWorld_AthleticFastData
537;com.smbc.graphics.BackgroundInfo_bg_013_01_04_00
537;com.smbc.graphics.BackgroundInfo_bg_013_04_01_00
915;com.smbc.graphics.BackgroundInfo_bg_013_04_01_01
916;com.explodingRabbit.cross.games.GameMegaMan7_DrWily2Data
917;com.explodingRabbit.cross.games.GameFinalFantasy6_WinData
918;com.explodingRabbit.cross.games.GameSuperMarioWorld_BonusFastData
197;com.smbc.data.MovieClipInfo_TeleporterMc
236;com.smbc.data.MovieClipInfo_CoinSymbolMc
919;com.smbc.graphics.BackgroundInfo_bg_004_11_03_00
420;com.smbc.graphics.BackgroundInfo_bg_000_01_01_00
532;com.smbc.graphics.BackgroundInfo_bg_004_13_03_01
601;com.smbc.graphics.BackgroundInfo_bg_004_13_03_00
582;com.smbc.graphics.BackgroundInfo_bg_001_01_05_01
920;com.explodingRabbit.cross.games.GameNinjaGaidenSms_Kss
581;com.smbc.graphics.BackgroundInfo_bg_001_01_05_00
738;com.smbc.graphics.BackgroundInfo_bg_001_07_01_01
301;com.smbc.graphics.BackgroundInfo_bg_002_01_01_00
921;com.explodingRabbit.cross.games.GameFinalFantasy6_HurryData
581;com.smbc.graphics.BackgroundInfo_bg_001_07_01_00
923;com.explodingRabbit.cross.games.GameSuperMarioWorld_InvincibleCaveFastData
922;com.smbc.graphics.BackgroundInfo_bg_009_12_01_00
629;com.smbc.graphics.BackgroundInfo_bg_001_01_05_02
297;com.smbc.data.MovieClipInfo_FlyingCoinMc
669;com.smbc.graphics.BackgroundInfo_bg_001_01_05_03
925;com.explodingRabbit.cross.games.GameDragonWarriorSnes_AMonsterDrawsNearData
924;com.explodingRabbit.cross.games.GameMegaManAndBass_WilyCastleData
408;com.smbc.graphics.BackgroundInfo_bg_003_15_01_00
926;com.explodingRabbit.cross.games.GameNinjaGaidenSnes_AfterHimData
295;com.smbc.data.MovieClipInfo_PullyRopeMc
927;com.smbc.graphics.BackgroundInfo_bg_006_13_02_00
929;com.explodingRabbit.cross.games.GameSuperMarioBrosSnes_OverworldData
928;com.smbc.graphics.BackgroundInfo_bg_013_09_01_00
373;com.smbc.graphics.BackgroundInfo_bg_001_01_08_01
930;com.explodingRabbit.cross.games.GameMegaManAndBass_MajorBossBattleData
310;com.smbc.graphics.BackgroundInfo_bg_010_04_03_00
512;com.smbc.graphics.BackgroundInfo_bg_001_01_08_02
931;com.smbc.graphics.BackgroundInfo_bg_001_01_03_02
765;com.smbc.graphics.BackgroundInfo_bg_013_02_03_00
518;com.smbc.graphics.BackgroundInfo_bg_001_01_08_00
581;com.smbc.graphics.BackgroundInfo_bg_001_01_03_00
582;com.smbc.graphics.BackgroundInfo_bg_001_01_03_01
459;com.explodingRabbit.cross.games.GameSuperMarioWorld_TimeUpWarningData
932;com.smbc.graphics.BackgroundInfo_bg_006_02_01_00
934;com.explodingRabbit.cross.games.GameSuperMarioBros2Snes_VictoryData
933;com.explodingRabbit.cross.games.GameBlasterMasterSnes_VictoryData
173;com.smbc.data.MovieClipInfo_BubbleMc
935;com.explodingRabbit.cross.games.GameCastlevaniaDraculaX_IllusionaryDanceData
936;com.smbc.graphics.skins.BmdInfo_simon_palette
937;com.explodingRabbit.cross.games.GameMegaManAndBass_ColdManData
255;com.smbc.data.MovieClipInfo_SophiaHoverBarMc
938;com.explodingRabbit.cross.games.GameSuperMarioBros2Snes_PlayerDownData
940;com.explodingRabbit.cross.games.GameFinalFantasyMysticQuest_TheCrystalData
939;com.smbc.graphics.BackgroundInfo_bg_005_03_01_00
941;com.smbc.graphics.BackgroundInfo_bg_005_06_01_00
942;com.smbc.level.LevelData_SmbXmlData
382;com.smbc.data.MovieClipInfo_fg_004_05_01_01
833;com.smbc.graphics.BackgroundInfo_bg_007_03_01_00
943;com.explodingRabbit.cross.games.GameSuperMarioBros3Snes_BonusWinData
944;com.smbc.graphics.BackgroundInfo_bg_004_02_02_00
945;com.explodingRabbit.cross.games.GameFinalFantasyMysticQuest_CityOfForestData
946;com.smbc.graphics.BackgroundInfo_bg_004_04_01_00
947;com.smbc.graphics.BackgroundInfo_bg_010_05_02_00
367;com.smbc.data.MovieClipInfo_bg_012_01_04_01
948;com.explodingRabbit.cross.games.GameCastlevaniaDraculaX_CerberusData
949;com.smbc.graphics.BackgroundInfo_bg_006_13_04_00
950;com.explodingRabbit.cross.games.GameSuperMarioBros3Snes_BonusGameData
951;com.explodingRabbit.cross.games.GameDragonWarriorSnes_ThouHastDiedData
708;com.smbc.graphics.BackgroundInfo_bg_012_01_03_00
952;com.smbc.graphics.skins.BmdInfo_Samus003
954;com.explodingRabbit.cross.games.GameSuperMarioBrosSnes_WinCastleData
953;com.smbc.graphics.skins.BmdInfo_Samus002
955;com.smbc.graphics.skins.BmdInfo_Samus001
956;com.smbc.graphics.skins.BmdInfo_Samus000
957;com.smbc.graphics.skins.BmdInfo_Samus007
960;com.smbc.graphics.skins.BmdInfo_Samus006
959;com.smbc.sound.MusicInfo_NinjaGaiden3Nsf
958;com.explodingRabbit.cross.games.GameSuperCastlevania4_BeginningData
961;com.smbc.graphics.skins.BmdInfo_Samus005
963;com.smbc.graphics.skins.BmdInfo_Samus004
962;com.smbc.graphics.BackgroundInfo_bg_004_01_02_00
964;com.smbc.graphics.skins.BmdInfo_Samus009
965;com.smbc.graphics.skins.BmdInfo_Samus008
966;com.smbc.graphics.BackgroundInfo_bg_013_14_02_00
475;com.smbc.graphics.BackgroundInfo_bg_004_02_02_01
967;com.smbc.graphics.skins.BmdInfo_sophia_palette
382;com.smbc.graphics.BackgroundInfo_fg_004_13_03_01
968;com.explodingRabbit.cross.games.GameSuperMarioWorld_GhostHouseFastData
970;com.explodingRabbit.cross.games.GameSuperMarioBros2Snes_BirdoData
105;com.smbc.data.MovieClipInfo_JasonMc
969;com.explodingRabbit.cross.games.GameFinalFantasyMysticQuest_RockThemeData
972;com.explodingRabbit.cross.games.GameFinalFantasy3_Nsf
971;com.explodingRabbit.cross.games.GameRiverCityRansom_Nsfe
973;com.smbc.graphics.BackgroundInfo_bg_012_05_01_00
974;com.smbc.graphics.skins.BmdInfo_Samus010
850;com.smbc.graphics.BackgroundInfo_bg_014_05_02_00
661;com.smbc.graphics.BackgroundInfo_bg_005_01_04_00
975;com.explodingRabbit.cross.games.GameFinalFantasy6_PipeBonusData
976;com.explodingRabbit.cross.games.GameMegaMan7_PasswordData
977;com.explodingRabbit.cross.games.GameMegaMan7_ProtoManWhistleData
730;com.explodingRabbit.cross.games.GameSuperMarioBros_NSF
979;com.smbc.graphics.BackgroundInfo_bg_010_08_01_00
978;com.smbc.graphics.BackgroundInfo_bg_004_09_02_00
980;com.explodingRabbit.cross.games.GameSuperMarioBros3Snes_FortressData
981;com.smbc.graphics.BackgroundInfo_bg_003_05_05_00
983;com.explodingRabbit.cross.games.GameFinalFantasyMysticQuest_MiddleTowerData
982;com.explodingRabbit.cross.games.GameSuperCastlevania4_MapAData
984;com.explodingRabbit.cross.games.GameMegaManAndBass_StaffRollData
985;com.smbc.graphics.BackgroundInfo_bg_005_04_01_00
195;com.smbc.data.MovieClipInfo_HammerWeaponMc
986;com.smbc.graphics.skins.BmdInfo_Mario013
987;com.smbc.graphics.skins.BmdInfo_Mario012
988;com.smbc.graphics.skins.BmdInfo_Mario011
989;com.smbc.graphics.skins.BmdInfo_Mario010
990;com.explodingRabbit.cross.games.GameNinjaGaidenSnes_DeathData
992;com.explodingRabbit.cross.games.GameSuperMarioBrosSnes_GameOverData
991;com.smbc.graphics.skins.BmdInfo_Mario014
257;com.smbc.ground.SpringObj
408;com.smbc.graphics.BackgroundInfo_bg_008_01_04_00
319;com.smbc.data.MovieClipInfo_bg_010_05_04_00
210;com.smbc.data.MovieClipInfo_BowserMc
189;com.smbc.data.MovieClipInfo_LavaFireBallMc
993;com.explodingRabbit.cross.games.GameSuperMarioWorld_OverworldYoshiData
994;com.smbc.graphics.skins.BmdInfo_Mario009
995;com.smbc.graphics.skins.BmdInfo_Mario007
996;com.smbc.graphics.skins.BmdInfo_Mario008
379;com.smbc.graphics.BackgroundInfo_bg_010_02_02_00
480;com.smbc.graphics.BackgroundInfo_bg_004_14_02_00
91;com.smbc.data.MovieClipInfo_LinkIconMc
997;com.smbc.graphics.BackgroundInfo_bg_015_05_01_00
998;com.explodingRabbit.cross.games.GameNinjaGaidenSnes_WalterSmithThemeData
999;com.smbc.graphics.BackgroundInfo_bg_005_02_05_00
1000;com.smbc.graphics.skins.BmdInfo_Bill000
420;com.smbc.graphics.BackgroundInfo_bg_000_01_03_00
1001;com.smbc.graphics.skins.BmdInfo_Bill001
1002;com.smbc.graphics.skins.BmdInfo_Bill002
1003;com.smbc.graphics.skins.BmdInfo_Bill003
1004;com.explodingRabbit.cross.games.GameSuperMarioBrosSnes_CourseClear
454;com.smbc.graphics.BackgroundInfo_fg_005_03_03_01
1005;com.explodingRabbit.cross.games.GameContra3_CasualtyOfWarData
175;com.smbc.data.MovieClipInfo_AtomMc
337;com.smbc.graphics.BackgroundInfo_bg_010_02_04_00
243;com.smbc.data.MovieClipInfo_MarioFireBallMc
1006;com.explodingRabbit.cross.games.GameMegaManAndBass_KingCastleData
494;com.smbc.graphics.BackgroundInfo_bg_013_02_04_00
1007;com.smbc.graphics.BackgroundInfo_bg_010_07_01_00
1008;com.explodingRabbit.cross.games.GameTetrisDrMario_Music3Data
408;com.smbc.graphics.BackgroundInfo_bg_000_01_09_00
595;com.smbc.graphics.BackgroundInfo_bg_008_03_03_00
145;com.smbc.data.MovieClipInfo_SimonIconMc
340;com.smbc.graphics.BackgroundInfo_bg_013_07_02_03
292;com.smbc.sound.SoundInfo_SamusStepSnd
325;com.smbc.data.MovieClipInfo_bg_004_05_01_01
1009;com.smbc.graphics.BackgroundInfo_bg_013_07_02_02
1010;com.smbc.graphics.BackgroundInfo_bg_001_04_02_01
231;com.smbc.data.MovieClipInfo_MegaManIconMc
1011;com.explodingRabbit.cross.games.GameTetrisDrMario_MixedMusic2Data
408;com.smbc.graphics.BackgroundInfo_bg_001_04_02_00
1012;com.explodingRabbit.cross.games.GameSuperMarioBrosSnes_LastBattleData
1013;com.smbc.graphics.skins.BmdInfo_Bill013
1014;com.smbc.graphics.skins.BmdInfo_Bill011
147;com.smbc.pickups.LevelExit
1015;com.smbc.graphics.skins.BmdInfo_Bill012
346;com.smbc.data.MovieClipInfo_bg_002_11_01_00
551;com.smbc.graphics.BackgroundInfo_bg_013_07_02_01
1016;com.smbc.graphics.skins.BmdInfo_Bill010
549;com.smbc.graphics.BackgroundInfo_bg_013_07_02_00
1017;com.explodingRabbit.cross.games.GameFinalFantasy6_CheepCheepData
1018;com.smbc.graphics.skins.BmdInfo_Bill009
1020;com.smbc.graphics.skins.BmdInfo_Bill008
1019;com.explodingRabbit.cross.games.GameFinalFantasyMysticQuest_Battle3Data
1022;com.smbc.graphics.skins.BmdInfo_Bill007
1021;com.smbc.graphics.BackgroundInfo_bg_010_05_08_00
1023;com.smbc.graphics.skins.BmdInfo_Bill006
364;com.smbc.graphics.BackgroundInfo_bg_013_01_04_02
1024;com.smbc.graphics.skins.BmdInfo_Bill005
1025;com.smbc.graphics.skins.BmdInfo_Bill004
1026;com.smbc.graphics.BackgroundInfo_bg_001_01_07_02
1027;com.smbc.graphics.BackgroundInfo_bg_001_04_01_00
202;com.smbc.data.MovieClipInfo_ExplodingRabbitPowerupMc
1010;com.smbc.graphics.BackgroundInfo_bg_001_04_01_01
1029;com.smbc.graphics.BackgroundInfo_bg_006_09_01_00
1028;com.smbc.graphics.BackgroundInfo_bg_002_03_01_00
581;com.smbc.graphics.BackgroundInfo_bg_001_01_07_00
1031;com.explodingRabbit.cross.games.GameCastlevaniaLegends_Gbs
1030;com.explodingRabbit.cross.games.GameSuperMarioBros3Snes_OverworldData
582;com.smbc.graphics.BackgroundInfo_bg_001_01_07_01
1032;com.explodingRabbit.cross.games.GameSuperMarioBros2Snes_TitleData
494;com.smbc.graphics.BackgroundInfo_bg_013_01_05_00
160;com.smbc.data.MovieClipInfo_BowserFireBallSparkMc
171;com.smbc.data.MovieClipInfo_CrabMc
1033;com.explodingRabbit.cross.games.GameNinjaGaidenSnes_MineData
408;com.smbc.graphics.BackgroundInfo_bg_003_12_01_00
1034;com.explodingRabbit.cross.games.GameSuperMarioBrosSnes_BonusFastData
1035;com.explodingRabbit.cross.games.GameSuperMarioBrosSnes_CastleFastData
833;com.smbc.graphics.BackgroundInfo_bg_007_01_03_00
155;com.smbc.data.MovieClipInfo_SimonSimpleGraphicsMc
1036;com.smbc.graphics.skins.BmdInfo_Interface015
26;sample.libgme_2F_var_2F_folders_2F_9m_2F_bnph4mbj1gq2gp7ccy_vg60h0000gn_2F_T_2F__2F_ccY8M7iW_2E_lto_2E_bc_3A_4CB129AA_2D_159F_2D_42A5_2D_8B7B_2D_F551332DADE2.DS59
1037;com.smbc.graphics.skins.BmdInfo_Interface013
322;com.smbc.data.MovieClipInfo_bg_010_01_05_00
31;sample.libgme_2F_var_2F_folders_2F_9m_2F_bnph4mbj1gq2gp7ccy_vg60h0000gn_2F_T_2F__2F_ccY8M7iW_2E_lto_2E_bc_3A_4CB129AA_2D_159F_2D_42A5_2D_8B7B_2D_F551332DADE2.DS58
1038;com.smbc.graphics.skins.BmdInfo_Interface014
1039;com.smbc.graphics.skins.BmdInfo_Interface011
34;sample.libgme_2F_var_2F_folders_2F_9m_2F_bnph4mbj1gq2gp7ccy_vg60h0000gn_2F_T_2F__2F_ccY8M7iW_2E_lto_2E_bc_3A_4CB129AA_2D_159F_2D_42A5_2D_8B7B_2D_F551332DADE2.DS56
833;com.smbc.graphics.BackgroundInfo_bg_007_01_01_00
1040;com.smbc.graphics.skins.BmdInfo_Interface012
32;sample.libgme_2F_var_2F_folders_2F_9m_2F_bnph4mbj1gq2gp7ccy_vg60h0000gn_2F_T_2F__2F_ccY8M7iW_2E_lto_2E_bc_3A_4CB129AA_2D_159F_2D_42A5_2D_8B7B_2D_F551332DADE2.DS55
276;com.smbc.data.MovieClipInfo_VicViperIconMc
1041;com.smbc.graphics.BackgroundInfo_bg_001_08_01_00
1042;com.smbc.graphics.skins.BmdInfo_Interface010
42;sample.libgme_2F_var_2F_folders_2F_9m_2F_bnph4mbj1gq2gp7ccy_vg60h0000gn_2F_T_2F__2F_ccY8M7iW_2E_lto_2E_bc_3A_4CB129AA_2D_159F_2D_42A5_2D_8B7B_2D_F551332DADE2.DS53
110;com.smbc.data.MovieClipInfo_BrickMc
1043;com.explodingRabbit.cross.games.GameCastlevaniaDraculaX_DenData
44;sample.libgme_2F_var_2F_folders_2F_9m_2F_bnph4mbj1gq2gp7ccy_vg60h0000gn_2F_T_2F__2F_ccY8M7iW_2E_lto_2E_bc_3A_4CB129AA_2D_159F_2D_42A5_2D_8B7B_2D_F551332DADE2.DS50
1045;com.explodingRabbit.cross.games.GameZeldaLinkToThePast_EpilogueData
1044;com.smbc.graphics.BackgroundInfo_bg_005_06_03_00
235;com.smbc.data.MovieClipInfo_GroundMc
1046;com.explodingRabbit.cross.games.GameSuperCastlevania4_InTheCastleData
161;com.smbc.data.MovieClipInfo_LinkProjectileMc
1047;com.smbc.graphics.BackgroundInfo_bg_006_12_01_00
1048;com.explodingRabbit.cross.games.GameTetrisDrMario_MainTitleData
1049;com.explodingRabbit.cross.games.GameSuperCastlevania4_MapCData
408;com.smbc.graphics.BackgroundInfo_bg_014_01_02_00
50;sample.libgme_2F_var_2F_folders_2F_9m_2F_bnph4mbj1gq2gp7ccy_vg60h0000gn_2F_T_2F__2F_ccY8M7iW_2E_lto_2E_bc_3A_4CB129AA_2D_159F_2D_42A5_2D_8B7B_2D_F551332DADE2.DS45
475;com.smbc.graphics.BackgroundInfo_bg_004_10_01_01
1050;com.explodingRabbit.cross.games.GameSuperMarioWorld_DieData
48;sample.libgme_2F_var_2F_folders_2F_9m_2F_bnph4mbj1gq2gp7ccy_vg60h0000gn_2F_T_2F__2F_ccY8M7iW_2E_lto_2E_bc_3A_4CB129AA_2D_159F_2D_42A5_2D_8B7B_2D_F551332DADE2.DS44
52;sample.libgme_2F_var_2F_folders_2F_9m_2F_bnph4mbj1gq2gp7ccy_vg60h0000gn_2F_T_2F__2F_ccY8M7iW_2E_lto_2E_bc_3A_4CB129AA_2D_159F_2D_42A5_2D_8B7B_2D_F551332DADE2.DS47
1051;com.smbc.graphics.BackgroundInfo_bg_004_10_01_00
178;com.smbc.data.MovieClipInfo_PitIconMc
1053;com.smbc.graphics.BackgroundInfo_bg_002_01_03_00
1052;com.smbc.graphics.BackgroundInfo_bg_002_09_01_00
61;sample.libgme_2F_var_2F_folders_2F_9m_2F_bnph4mbj1gq2gp7ccy_vg60h0000gn_2F_T_2F__2F_ccY8M7iW_2E_lto_2E_bc_3A_4CB129AA_2D_159F_2D_42A5_2D_8B7B_2D_F551332DADE2.DS42
59;sample.libgme_2F_var_2F_folders_2F_9m_2F_bnph4mbj1gq2gp7ccy_vg60h0000gn_2F_T_2F__2F_ccY8M7iW_2E_lto_2E_bc_3A_4CB129AA_2D_159F_2D_42A5_2D_8B7B_2D_F551332DADE2.DS9
60;sample.libgme_2F_var_2F_folders_2F_9m_2F_bnph4mbj1gq2gp7ccy_vg60h0000gn_2F_T_2F__2F_ccY8M7iW_2E_lto_2E_bc_3A_4CB129AA_2D_159F_2D_42A5_2D_8B7B_2D_F551332DADE2.DS8
1054;com.smbc.graphics.BackgroundInfo_bg_012_04_01_00
47;sample.libgme_2F_var_2F_folders_2F_9m_2F_bnph4mbj1gq2gp7ccy_vg60h0000gn_2F_T_2F__2F_ccY8M7iW_2E_lto_2E_bc_3A_4CB129AA_2D_159F_2D_42A5_2D_8B7B_2D_F551332DADE2.DS82
1055;com.explodingRabbit.cross.games.GameFinalFantasy6_CastleData
49;sample.libgme_2F_var_2F_folders_2F_9m_2F_bnph4mbj1gq2gp7ccy_vg60h0000gn_2F_T_2F__2F_ccY8M7iW_2E_lto_2E_bc_3A_4CB129AA_2D_159F_2D_42A5_2D_8B7B_2D_F551332DADE2.DS83
56;sample.libgme_2F_var_2F_folders_2F_9m_2F_bnph4mbj1gq2gp7ccy_vg60h0000gn_2F_T_2F__2F_ccY8M7iW_2E_lto_2E_bc_3A_4CB129AA_2D_159F_2D_42A5_2D_8B7B_2D_F551332DADE2.DS4
51;sample.libgme_2F_var_2F_folders_2F_9m_2F_bnph4mbj1gq2gp7ccy_vg60h0000gn_2F_T_2F__2F_ccY8M7iW_2E_lto_2E_bc_3A_4CB129AA_2D_159F_2D_42A5_2D_8B7B_2D_F551332DADE2.DS80
57;sample.libgme_2F_var_2F_folders_2F_9m_2F_bnph4mbj1gq2gp7ccy_vg60h0000gn_2F_T_2F__2F_ccY8M7iW_2E_lto_2E_bc_3A_4CB129AA_2D_159F_2D_42A5_2D_8B7B_2D_F551332DADE2.DS7
58;sample.libgme_2F_var_2F_folders_2F_9m_2F_bnph4mbj1gq2gp7ccy_vg60h0000gn_2F_T_2F__2F_ccY8M7iW_2E_lto_2E_bc_3A_4CB129AA_2D_159F_2D_42A5_2D_8B7B_2D_F551332DADE2.DS6
1056;com.smbc.graphics.skins.BmdInfo_Simon009
420;com.smbc.graphics.BackgroundInfo_bg_011_01_01_00
1057;com.explodingRabbit.cross.games.GameSuperMarioBrosDeluxe_Gbs
1059;com.smbc.graphics.skins.BmdInfo_Simon003
98;com.smbc.data.MovieClipInfo_HammerMc
1058;com.explodingRabbit.cross.games.GameMegaManAndBass_DatabaseData
1060;com.smbc.graphics.skins.BmdInfo_Simon004
1061;com.smbc.graphics.skins.BmdInfo_Simon001
420;com.smbc.graphics.BackgroundInfo_bg_011_01_02_00
1063;com.smbc.graphics.skins.BmdInfo_Simon002
1062;com.smbc.graphics.BackgroundInfo_bg_010_01_06_00
1065;com.smbc.graphics.skins.BmdInfo_Simon007
1064;com.explodingRabbit.cross.games.GameSuperCastlevania4_EndingData
1066;com.smbc.graphics.skins.BmdInfo_Simon008
1068;com.smbc.graphics.skins.BmdInfo_Simon005
183;com.smbc.data.MovieClipInfo_LinkSwordMc
1067;com.explodingRabbit.cross.games.GameZeldaOracleOfAges_Gbs
1069;com.smbc.graphics.skins.BmdInfo_Simon006
53;sample.libgme_2F_var_2F_folders_2F_9m_2F_bnph4mbj1gq2gp7ccy_vg60h0000gn_2F_T_2F__2F_ccY8M7iW_2E_lto_2E_bc_3A_4CB129AA_2D_159F_2D_42A5_2D_8B7B_2D_F551332DADE2.DS1
55;sample.libgme_2F_var_2F_folders_2F_9m_2F_bnph4mbj1gq2gp7ccy_vg60h0000gn_2F_T_2F__2F_ccY8M7iW_2E_lto_2E_bc_3A_4CB129AA_2D_159F_2D_42A5_2D_8B7B_2D_F551332DADE2.DS2
73;sample.libgme_2F_var_2F_folders_2F_9m_2F_bnph4mbj1gq2gp7ccy_vg60h0000gn_2F_T_2F__2F_ccY8M7iW_2E_lto_2E_bc_3A_4CB129AA_2D_159F_2D_42A5_2D_8B7B_2D_F551332DADE2.DS74
54;sample.libgme_2F_var_2F_folders_2F_9m_2F_bnph4mbj1gq2gp7ccy_vg60h0000gn_2F_T_2F__2F_ccY8M7iW_2E_lto_2E_bc_3A_4CB129AA_2D_159F_2D_42A5_2D_8B7B_2D_F551332DADE2.DS3
1070;com.explodingRabbit.cross.games.GameBlasterMasterSnes_GameOverData
1071;com.smbc.graphics.skins.BmdInfo_Simon000
1072;com.smbc.graphics.BackgroundInfo_bg_005_04_05_00
64;sample.libgme_2F_var_2F_folders_2F_9m_2F_bnph4mbj1gq2gp7ccy_vg60h0000gn_2F_T_2F__2F_ccY8M7iW_2E_lto_2E_bc_3A_4CB129AA_2D_159F_2D_42A5_2D_8B7B_2D_F551332DADE2.DS77
420;com.smbc.graphics.BackgroundInfo_bg_011_07_01_00
346;com.smbc.graphics.BackgroundInfo_bg_002_11_01_00
1073;com.explodingRabbit.cross.games.GameZeldaAdventureOfLink_Nsf
72;sample.libgme_2F_var_2F_folders_2F_9m_2F_bnph4mbj1gq2gp7ccy_vg60h0000gn_2F_T_2F__2F_ccY8M7iW_2E_lto_2E_bc_3A_4CB129AA_2D_159F_2D_42A5_2D_8B7B_2D_F551332DADE2.DS71
1075;com.explodingRabbit.cross.games.GameCastlevaniaDraculaX_RescuedData
1074;com.smbc.graphics.BackgroundInfo_bg_003_05_06_00
232;com.smbc.data.MovieClipInfo_MegaManSimpleGraphicsMc
1077;com.explodingRabbit.cross.games.GameMegaMan7_RuinedHighwayData
1076;com.explodingRabbit.cross.games.GameMegaMan7_AutosShopData
167;com.smbc.data.MovieClipInfo_MegaManHeadMc
1080;com.smbc.graphics.skins.BmdInfo_Simon012
1079;com.smbc.graphics.skins.BmdInfo_Interface004
1078;com.smbc.graphics.BackgroundInfo_bg_010_01_02_00
1082;com.smbc.graphics.skins.BmdInfo_Simon013
1081;com.smbc.graphics.skins.BmdInfo_Interface005
21;com.smbc.enemies.PitVacuum
1084;com.smbc.graphics.skins.BmdInfo_Simon014
1083;com.smbc.graphics.skins.BmdInfo_Interface006
148;com.smbc.data.MovieClipInfo_PiranhaGreenMc
1086;com.smbc.graphics.skins.BmdInfo_Simon015
1085;com.smbc.graphics.skins.BmdInfo_Interface007
1088;com.smbc.graphics.skins.BmdInfo_Simon016
1087;com.smbc.graphics.skins.BmdInfo_Interface008
198;com.smbc.data.MovieClipInfo_OneUpMc
1090;com.smbc.graphics.skins.BmdInfo_Simon017
1089;com.smbc.graphics.skins.BmdInfo_Interface009
125;com.smbc.data.MovieClipInfo_RyuSimpleGraphicsMc
580;com.smbc.graphics.BackgroundInfo_fg_013_13_02_00
1092;com.explodingRabbit.cross.games.GameZeldaLinkToThePast_TheSillyPinkRabbitData
1091;com.smbc.graphics.skins.BmdInfo_Mario001
1094;com.smbc.graphics.skins.BmdInfo_Mario002
81;sample.libgme_2F_var_2F_folders_2F_9m_2F_bnph4mbj1gq2gp7ccy_vg60h0000gn_2F_T_2F__2F_ccY8M7iW_2E_lto_2E_bc_3A_4CB129AA_2D_159F_2D_42A5_2D_8B7B_2D_F551332DADE2.DS62
1093;com.smbc.graphics.BackgroundInfo_bg_015_02_03_00
82;sample.libgme_2F_var_2F_folders_2F_9m_2F_bnph4mbj1gq2gp7ccy_vg60h0000gn_2F_T_2F__2F_ccY8M7iW_2E_lto_2E_bc_3A_4CB129AA_2D_159F_2D_42A5_2D_8B7B_2D_F551332DADE2.DS65
1095;com.smbc.graphics.skins.BmdInfo_Mario000
1097;com.smbc.graphics.skins.BmdInfo_Interface000
1096;com.smbc.graphics.skins.BmdInfo_Mario005
1099;com.smbc.graphics.skins.BmdInfo_Interface001
1098;com.smbc.graphics.skins.BmdInfo_Mario006
1102;com.smbc.graphics.skins.BmdInfo_Simon010
1101;com.smbc.graphics.skins.BmdInfo_Interface002
1100;com.smbc.graphics.skins.BmdInfo_Mario003
1105;com.smbc.graphics.skins.BmdInfo_Simon011
1104;com.smbc.graphics.skins.BmdInfo_Interface003
1103;com.smbc.graphics.skins.BmdInfo_Mario004
74;sample.libgme_2F_var_2F_folders_2F_9m_2F_bnph4mbj1gq2gp7ccy_vg60h0000gn_2F_T_2F__2F_ccY8M7iW_2E_lto_2E_bc_3A_4CB129AA_2D_159F_2D_42A5_2D_8B7B_2D_F551332DADE2.DS68
1106;com.explodingRabbit.cross.games.GameFinalFantasyMysticQuest_LavaDomeData
221;com.smbc.data.MovieClipInfo_FireBarChildMc
1107;com.smbc.graphics.skins.BmdInfo_Enemy000
1108;com.smbc.graphics.skins.BmdInfo_Enemy001
1110;com.smbc.graphics.skins.BmdInfo_Enemy002
1109;com.explodingRabbit.cross.games.GameSuperCastlevania4_ChandeliersData
1111;com.smbc.graphics.skins.BmdInfo_Enemy003
1113;com.smbc.graphics.skins.BmdInfo_Enemy004
301;com.smbc.data.MovieClipInfo_bg_002_01_01_00
1112;com.explodingRabbit.cross.games.GameSuperMarioBros3Snes_SwimmingData
1114;com.smbc.graphics.skins.BmdInfo_Enemy005
1116;com.smbc.graphics.skins.BmdInfo_Enemy006
1115;com.smbc.graphics.BackgroundInfo_bg_006_11_01_00
1118;com.smbc.graphics.skins.BmdInfo_Enemy007
267;com.smbc.data.MovieClipInfo_SimonMc
1117;com.smbc.graphics.BackgroundInfo_bg_015_01_01_00
1119;com.smbc.graphics.skins.BmdInfo_Enemy008
1120;com.smbc.graphics.skins.BmdInfo_Enemy009
1121;com.explodingRabbit.cross.games.GameSuperMarioBros2Snes_SubspaceData
408;com.smbc.graphics.BackgroundInfo_bg_000_01_04_00
37;sample.libgme_2F_var_2F_folders_2F_9m_2F_bnph4mbj1gq2gp7ccy_vg60h0000gn_2F_T_2F__2F_ccY8M7iW_2E_lto_2E_bc_3A_4CB129AA_2D_159F_2D_42A5_2D_8B7B_2D_F551332DADE2.DS12
1122;com.explodingRabbit.cross.games.GameSuperCastlevania4_RoomOfCloseAssociatesData
1123;com.explodingRabbit.cross.games.GameOperationC_Gbs
124;com.smbc.graphics.TopScreenText
1124;com.explodingRabbit.cross.games.GameNinjaGaidenSnes_IreneLewsThemeData
35;sample.libgme_2F_var_2F_folders_2F_9m_2F_bnph4mbj1gq2gp7ccy_vg60h0000gn_2F_T_2F__2F_ccY8M7iW_2E_lto_2E_bc_3A_4CB129AA_2D_159F_2D_42A5_2D_8B7B_2D_F551332DADE2.DS18
108;com.smbc.data.MovieClipInfo_HammerPickupMc
36;sample.libgme_2F_var_2F_folders_2F_9m_2F_bnph4mbj1gq2gp7ccy_vg60h0000gn_2F_T_2F__2F_ccY8M7iW_2E_lto_2E_bc_3A_4CB129AA_2D_159F_2D_42A5_2D_8B7B_2D_F551332DADE2.DS15
1125;com.explodingRabbit.cross.games.GameCastlevania3_Nsf
1126;com.smbc.graphics.BackgroundInfo_bg_013_14_01_00
580;com.smbc.graphics.BackgroundInfo_fg_013_02_03_00
370;com.smbc.data.MovieClipInfo_bg_013_cave_ice
1127;com.explodingRabbit.cross.games.GameSuperMetroid_EndingData
1128;com.explodingRabbit.cross.games.GameFinalFantasyMysticQuest_EndingData
408;com.smbc.graphics.BackgroundInfo_bg_014_05_01_00
1130;com.explodingRabbit.cross.games.GameZeldaBs_ZeldaRescuedData
1129;com.smbc.graphics.BackgroundInfo_bg_006_01_02_00
592;com.smbc.graphics.BackgroundInfo_bg_011_02_01_00
1131;com.explodingRabbit.cross.games.GameZeldaLinkToThePast_ForestOfMysteryData
1133;com.explodingRabbit.cross.games.GameTetrisDrMario_MixedMusic1HurryData
1132;com.explodingRabbit.cross.games.GameNinjaGaidenSnes_TheCityData
291;com.smbc.sound.SoundInfo_GameBridgeBreakSnd
1134;com.explodingRabbit.cross.games.GameSuperMarioBros3Snes_InvincibleFastData
343;com.smbc.graphics.BackgroundInfo_fg_004_06_02_01
1135;com.explodingRabbit.cross.games.GameSuperMarioWorld_IntroLevelData
1136;com.smbc.graphics.BackgroundInfo_bg_015_02_04_00
1137;com.explodingRabbit.cross.games.GameFinalFantasy6_WaterData
376;com.smbc.data.MovieClipInfo_bg_012_02_02_01
240;com.smbc.data.MovieClipInfo_MarioBaseIconMc
142;com.smbc.data.MovieClipInfo_SamusSimpleGraphicsMc
1138;com.explodingRabbit.cross.games.GameSuperMarioBros3Snes_FortressFastData
124;com.smbc.data.MovieClipInfo_TopScreenTextMc
71;sample.libgme_2F_var_2F_folders_2F_9m_2F_bnph4mbj1gq2gp7ccy_vg60h0000gn_2F_T_2F__2F_ccY8M7iW_2E_lto_2E_bc_3A_4CB129AA_2D_159F_2D_42A5_2D_8B7B_2D_F551332DADE2.DS30
67;sample.libgme_2F_var_2F_folders_2F_9m_2F_bnph4mbj1gq2gp7ccy_vg60h0000gn_2F_T_2F__2F_ccY8M7iW_2E_lto_2E_bc_3A_4CB129AA_2D_159F_2D_42A5_2D_8B7B_2D_F551332DADE2.DS36
69;sample.libgme_2F_var_2F_folders_2F_9m_2F_bnph4mbj1gq2gp7ccy_vg60h0000gn_2F_T_2F__2F_ccY8M7iW_2E_lto_2E_bc_3A_4CB129AA_2D_159F_2D_42A5_2D_8B7B_2D_F551332DADE2.DS33
1139;com.explodingRabbit.cross.games.GameBlasterMaster_Nsf
70;sample.libgme_2F_var_2F_folders_2F_9m_2F_bnph4mbj1gq2gp7ccy_vg60h0000gn_2F_T_2F__2F_ccY8M7iW_2E_lto_2E_bc_3A_4CB129AA_2D_159F_2D_42A5_2D_8B7B_2D_F551332DADE2.DS39
238;com.smbc.data.MovieClipInfo_SimonWhipMc
295;com.smbc.graphics.PullyRope
1140;com.explodingRabbit.cross.games.GameLifeForce_Nsfe
1141;com.explodingRabbit.cross.games.GameSuperMarioBros3Snes_InvincibleData
319;com.smbc.graphics.BackgroundInfo_bg_010_05_04_00
408;com.smbc.graphics.BackgroundInfo_bg_008_01_05_00
101;com.smbc.data.MovieClipInfo_WarriorOfLightMc
1142;com.explodingRabbit.cross.games.GameSuperMetroid_BrinstarVegetationData
1143;com.explodingRabbit.cross.games.GameTetrisDrMario_Music1Data
1144;com.explodingRabbit.cross.games.GameSuperMetroid_PlanetZebesArrivalOnCrateriaData
1146;com.explodingRabbit.cross.games.GameSuperMetroid_ItemRoomData
1145;com.explodingRabbit.cross.games.GameSuperMarioBros3Snes_TheEvilKingBowserData
80;sample.libgme_2F_var_2F_folders_2F_9m_2F_bnph4mbj1gq2gp7ccy_vg60h0000gn_2F_T_2F__2F_ccY8M7iW_2E_lto_2E_bc_3A_4CB129AA_2D_159F_2D_42A5_2D_8B7B_2D_F551332DADE2.DS21
1147;com.explodingRabbit.cross.games.GameSuperMarioWorld_BossFastData
78;sample.libgme_2F_var_2F_folders_2F_9m_2F_bnph4mbj1gq2gp7ccy_vg60h0000gn_2F_T_2F__2F_ccY8M7iW_2E_lto_2E_bc_3A_4CB129AA_2D_159F_2D_42A5_2D_8B7B_2D_F551332DADE2.DS24
149;com.smbc.data.MovieClipInfo_MegaManPickupMc
283;com.smbc.sound.SoundInfo_SamusLongBeamSnd
1149;com.explodingRabbit.cross.games.GameZeldaBs_OverworldData
1148;com.explodingRabbit.cross.games.GameContra3_InvasionData
79;sample.libgme_2F_var_2F_folders_2F_9m_2F_bnph4mbj1gq2gp7ccy_vg60h0000gn_2F_T_2F__2F_ccY8M7iW_2E_lto_2E_bc_3A_4CB129AA_2D_159F_2D_42A5_2D_8B7B_2D_F551332DADE2.DS27
408;com.smbc.graphics.BackgroundInfo_bg_009_02_01_00
379;com.smbc.graphics.BackgroundInfo_bg_010_02_01_00
184;com.smbc.data.MovieClipInfo_LinkShieldMc
1150;com.explodingRabbit.cross.games.GameFinalFantasyMysticQuest_FossilLabyrinthData
1151;com.explodingRabbit.cross.games.GameSuperMarioBrosSnes_KingBowserData
235;com.smbc.data.MovieClipInfo_SimpleGroundMc
1153;com.explodingRabbit.cross.games.GameMegaMan7_RemainsOfTheLabData
94;com.smbc.enemies.Lakitu
1152;com.smbc.graphics.BackgroundInfo_bg_004_11_02_00
190;com.smbc.data.MovieClipInfo_FontCharScoreMc
370;com.smbc.graphics.BackgroundInfo_bg_013_14_03_00
1154;com.explodingRabbit.cross.games.GameFinalFantasyMysticQuest_VictoryFanfareData
1155;com.smbc.graphics.BackgroundInfo_bg_013_15_01_00
1156;com.smbc.graphics.BackgroundInfo_bg_010_01_07_00
551;com.smbc.graphics.BackgroundInfo_bg_013_15_01_01
194;com.smbc.projectiles.SamusGuts
1157;com.explodingRabbit.cross.games.GameSuperMarioWorld_GameOverData
1159;com.explodingRabbit.cross.games.GameMegaMan7_FinalBattleWithDrWilyData
1158;com.smbc.graphics.BackgroundInfo_bg_009_07_01_00
1161;com.explodingRabbit.cross.games.GameSuperMarioBros2Snes_BonusGameData
289;com.smbc.sound.SoundInfo_LinkBoomerangSnd
1160;com.explodingRabbit.cross.games.GameFinalFantasyMysticQuest_DungeonOfIceData
1163;com.explodingRabbit.cross.games.GameFinalFantasy6_PlatformData
1162;com.explodingRabbit.cross.games.GameMegaMan7_SlashManData
282;com.smbc.sound.SoundInfo_SamusIceBeamSnd
1164;com.explodingRabbit.cross.games.GameFinalFantasy6_IntroData
1165;com.smbc.graphics.BackgroundInfo_bg_004_15_01_00
1168;com.explodingRabbit.cross.games.GameZeldaBs_WhistleData
1167;com.explodingRabbit.cross.games.GameTetrisDrMario_GameSelectData
1166;com.smbc.graphics.BackgroundInfo_bg_005_04_02_00
1169;com.smbc.graphics.BackgroundInfo_bg_002_03_02_00
153;com.smbc.data.MovieClipInfo_SophiaBackWheelMc
275;com.smbc.data.MovieClipInfo_bg_010_02_02_00
1171;com.explodingRabbit.cross.games.GameMegaManAndBass_MuseumData
1170;com.explodingRabbit.cross.games.GameMegaMan5Gb_Gbs
196;com.smbc.data.MovieClipInfo_SceneryThemeMc
1172;com.smbc.graphics.BackgroundInfo_bg_006_13_03_00
582;com.smbc.graphics.BackgroundInfo_bg_001_06_01_01
1173;com.smbc.graphics.BackgroundInfo_bg_001_06_01_02
1174;com.smbc.graphics.skins.BmdInfo_theme_004
1175;com.smbc.graphics.skins.BmdInfo_theme_003
1176;com.smbc.graphics.skins.BmdInfo_theme_006
1177;com.smbc.graphics.skins.BmdInfo_theme_005
1179;com.smbc.graphics.skins.BmdInfo_theme_008
1178;com.explodingRabbit.cross.games.GameFinalFantasyMysticQuest_RockNRollData
1180;com.smbc.graphics.skins.BmdInfo_theme_007
788;com.smbc.graphics.BackgroundInfo_bg_000_04_02_00
1041;com.smbc.graphics.BackgroundInfo_bg_001_06_01_00
298;com.smbc.data.MovieClipInfo_BowserFireBallMc
1181;com.smbc.graphics.skins.BmdInfo_theme_009
237;com.smbc.data.MovieClipInfo_SophiaBulletMc
1182;com.smbc.graphics.BackgroundInfo_bg_005_03_02_00
1183;com.explodingRabbit.cross.games.GameContra3_TheFinalGauntletPart1Data
1184;com.explodingRabbit.cross.games.GameCastlevaniaAdventure_Gbs
1185;com.smbc.graphics.skins.BmdInfo_theme_000
1186;com.smbc.graphics.skins.BmdInfo_theme_001
1187;com.smbc.graphics.skins.BmdInfo_theme_002
1188;com.explodingRabbit.cross.games.GameDragonWarriorSnes_KingdomOfAlefgardData
1190;com.explodingRabbit.cross.games.GameZeldaLinksAwakening_Gbs
1189;com.smbc.graphics.BackgroundInfo_bg_015_07_01_00
420;com.smbc.graphics.BackgroundInfo_bg_011_04_01_00
174;com.smbc.data.MovieClipInfo_RyuMc
491;com.smbc.graphics.BackgroundInfo_bg_012_10_01_00
141;com.smbc.data.MovieClipInfo_FontCharRyuMc
1191;com.smbc.graphics.BackgroundInfo_bg_010_01_04_00
1155;com.smbc.graphics.BackgroundInfo_bg_013_14_05_00
1192;com.explodingRabbit.cross.games.GameSuperMarioWorld_AthleticData
1193;com.explodingRabbit.cross.games.GameSuperMetroid_MaridiaRockyUnderwaterData
1194;com.explodingRabbit.cross.games.GameNinjaGaidenSnes_SorrowData
1196;com.smbc.graphics.skins.BmdInfo_theme_015
1195;com.explodingRabbit.cross.games.GameFinalFantasy6_BossData
1198;com.smbc.graphics.skins.BmdInfo_theme_014
1197;com.explodingRabbit.cross.games.GameFinalFantasyAdventure_Gbs
1200;com.explodingRabbit.cross.games.GameSuperMarioBrosSnes_WaterFastData
1199;com.smbc.graphics.skins.BmdInfo_theme_012
1201;com.smbc.graphics.skins.BmdInfo_theme_013
702;com.smbc.graphics.BackgroundInfo_bg_014_02_01_00
1203;com.smbc.graphics.skins.BmdInfo_theme_010
1202;com.smbc.graphics.BackgroundInfo_bg_005_02_02_00
1204;com.smbc.graphics.skins.BmdInfo_theme_011
480;com.smbc.graphics.BackgroundInfo_bg_004_03_03_00
1205;com.explodingRabbit.cross.games.GameGradius_Nsfe
1206;com.smbc.graphics.BackgroundInfo_bg_009_11_01_00
1207;com.explodingRabbit.cross.games.GameTetrisDrMario_HighScoreData
1208;com.smbc.graphics.BackgroundInfo_bg_004_08_02_00
1209;com.smbc.graphics.BackgroundInfo_bg_010_01_13_00
713;com.explodingRabbit.cross.games.GameMegaMan5_Nsf
1210;com.smbc.graphics.BackgroundInfo_bg_013_07_01_02
551;com.smbc.graphics.BackgroundInfo_bg_013_07_01_01
1211;com.explodingRabbit.cross.games.GameSuperMarioBrosAtari_SuperMarioBrosOverworld
340;com.smbc.data.MovieClipInfo_bg_013_water
1212;com.smbc.graphics.BackgroundInfo_bg_005_03_04_00
549;com.smbc.graphics.BackgroundInfo_bg_013_07_01_00
1213;com.explodingRabbit.cross.games.GameZeldaBs_DefeatedData
114;com.smbc.data.MovieClipInfo_VicViperSimpleGraphicsMc
545;com.smbc.graphics.BackgroundInfo_bg_012_03_01_00
249;com.smbc.data.MovieClipInfo_SophiaExplosionMc
228;com.smbc.data.MovieClipInfo_PlatformMc
1214;com.explodingRabbit.cross.games.GameSuperMarioBros3Snes_InTheCloudsFastData
1215;com.smbc.graphics.BackgroundInfo_bg_006_15_02_00
1216;com.smbc.graphics.skins.BmdInfo_Enemy015
191;com.smbc.data.MovieClipInfo_MushroomSelectorMc
1218;com.smbc.graphics.skins.BmdInfo_Enemy014
1217;com.explodingRabbit.cross.games.GameMegaMan7_WilyDefeatedData
1219;com.smbc.graphics.BackgroundInfo_bg_009_03_01_00
1107;com.smbc.graphics.skins.BmdInfo_Enemy011
1220;com.smbc.graphics.skins.BmdInfo_Enemy010
316;com.smbc.data.MovieClipInfo_bg_010_04_01_00
1222;com.smbc.graphics.skins.BmdInfo_Enemy013
1221;com.explodingRabbit.cross.games.GameTetrisDrMario_MixedMusic3HurryData
1223;com.smbc.graphics.skins.BmdInfo_Enemy012
1225;com.explodingRabbit.cross.games.GameContra3_CeaseFireData
208;com.smbc.data.MovieClipInfo_GoombaMc
1224;com.smbc.graphics.BackgroundInfo_bg_006_05_02_00
581;com.smbc.graphics.BackgroundInfo_bg_001_01_02_00
1226;com.explodingRabbit.cross.games.GameCastlevania2_Nsf
582;com.smbc.graphics.BackgroundInfo_bg_001_01_02_01
361;com.smbc.graphics.BackgroundInfo_bg_001_01_02_02
1227;com.explodingRabbit.cross.games.GameMegaManAndBass_BurnermanData
23;sample.libgme_2F_var_2F_folders_2F_9m_2F_bnph4mbj1gq2gp7ccy_vg60h0000gn_2F_T_2F__2F_ccY8M7iW_2E_lto_2E_bc_3A_4CB129AA_2D_159F_2D_42A5_2D_8B7B_2D_F551332DADE2.DS95
24;sample.libgme_2F_var_2F_folders_2F_9m_2F_bnph4mbj1gq2gp7ccy_vg60h0000gn_2F_T_2F__2F_ccY8M7iW_2E_lto_2E_bc_3A_4CB129AA_2D_159F_2D_42A5_2D_8B7B_2D_F551332DADE2.DS97
27;sample.libgme_2F_var_2F_folders_2F_9m_2F_bnph4mbj1gq2gp7ccy_vg60h0000gn_2F_T_2F__2F_ccY8M7iW_2E_lto_2E_bc_3A_4CB129AA_2D_159F_2D_42A5_2D_8B7B_2D_F551332DADE2.DS98
408;com.smbc.graphics.BackgroundInfo_bg_000_05_01_00
1228;com.smbc.graphics.BackgroundInfo_bg_009_02_03_00
494;com.smbc.graphics.BackgroundInfo_bg_013_03_02_00
1229;com.explodingRabbit.cross.games.GameMegaManAndBass_AutosShopData
253;com.smbc.data.MovieClipInfo_SpikeTopMc
1230;com.smbc.graphics.skins.BmdInfo_MegaMan020
592;com.smbc.graphics.BackgroundInfo_bg_011_03_02_00
343;com.smbc.graphics.BackgroundInfo_fg_004_04_01_01
408;com.smbc.graphics.BackgroundInfo_bg_012_06_01_00
1231;com.explodingRabbit.cross.games.GameSuperMarioBros3Snes_AirshipFastData
1233;com.explodingRabbit.cross.games.GameCastlevaniaDraculaX_BloodyTearsData
1232;com.explodingRabbit.cross.games.GameSuperMarioBros3Snes_UnderworldFastData
1234;com.explodingRabbit.cross.games.GameSuperMetroid_SamusAppearanceFanfareData
1235;com.explodingRabbit.cross.games.GameFinalFantasyMysticQuest_MysticQuestData
157;com.smbc.data.MovieClipInfo_SceneryMc
1236;com.explodingRabbit.cross.games.GameZeldaBs_ImportantItemData
1237;com.smbc.graphics.skins.BmdInfo_MegaMan019
146;com.smbc.data.MovieClipInfo_LinkSimpleGraphicsMc
211;com.smbc.enemies.BulletBill
62;sample.libgme_2F_var_2F_folders_2F_9m_2F_bnph4mbj1gq2gp7ccy_vg60h0000gn_2F_T_2F__2F_ccY8M7iW_2E_lto_2E_bc_3A_4CB129AA_2D_159F_2D_42A5_2D_8B7B_2D_F551332DADE2.DS88
1238;com.smbc.graphics.skins.BmdInfo_MegaMan018
1239;com.smbc.graphics.skins.BmdInfo_MegaMan017
863;com.smbc.graphics.BackgroundInfo_bg_013_13_02_00
1240;com.smbc.graphics.skins.BmdInfo_MegaMan016
1241;com.smbc.graphics.skins.BmdInfo_MegaMan015
1243;com.smbc.graphics.skins.BmdInfo_MegaMan014
1242;com.explodingRabbit.cross.games.GameSuperCastlevania4_TheCaveData
46;sample.libgme_2F_var_2F_folders_2F_9m_2F_bnph4mbj1gq2gp7ccy_vg60h0000gn_2F_T_2F__2F_ccY8M7iW_2E_lto_2E_bc_3A_4CB129AA_2D_159F_2D_42A5_2D_8B7B_2D_F551332DADE2.DS85
410;com.smbc.graphics.BackgroundInfo_bg_008_03_01_00
1245;com.smbc.graphics.skins.BmdInfo_MegaMan013
1244;com.explodingRabbit.cross.games.GameSuperMarioBros3Snes_AthleticFastData
1246;com.smbc.graphics.skins.BmdInfo_MegaMan012
1249;com.explodingRabbit.cross.games.GameContra3_TheFinalGauntletPart3Data
1248;com.smbc.graphics.skins.BmdInfo_MegaMan011
1247;com.smbc.graphics.BackgroundInfo_bg_003_08_01_00
1250;com.smbc.graphics.skins.BmdInfo_MegaMan010
258;com.smbc.data.MovieClipInfo_SamusPickupMc
239;com.smbc.data.MovieClipInfo_VicViperProjectileMc
293;com.smbc.sound.RepeatingSilenceOverrideSnd
1251;com.explodingRabbit.cross.games.GameSuperMarioWorld_CourseClear
966;com.smbc.graphics.BackgroundInfo_bg_013_05_01_00
420;com.smbc.graphics.BackgroundInfo_bg_000_02_01_00
1252;com.smbc.graphics.BackgroundInfo_bg_013_14_05_02
551;com.smbc.graphics.BackgroundInfo_bg_013_14_05_01
30;sample.libgme_2F_var_2F_folders_2F_9m_2F_bnph4mbj1gq2gp7ccy_vg60h0000gn_2F_T_2F__2F_ccY8M7iW_2E_lto_2E_bc_3A_4CB129AA_2D_159F_2D_42A5_2D_8B7B_2D_F551332DADE2.DS92
1253;com.smbc.graphics.BackgroundInfo_bg_001_05_01_00
28;sample.libgme_2F_var_2F_folders_2F_9m_2F_bnph4mbj1gq2gp7ccy_vg60h0000gn_2F_T_2F__2F_ccY8M7iW_2E_lto_2E_bc_3A_4CB129AA_2D_159F_2D_42A5_2D_8B7B_2D_F551332DADE2.DS91
1254;com.smbc.graphics.skins.BmdInfo_MegaMan004
1256;com.smbc.graphics.skins.BmdInfo_MegaMan003
223;com.smbc.data.MovieClipInfo_FontCharSamusMc
1255;com.smbc.level.LevelData_SpecialXmlData
1257;com.smbc.graphics.skins.BmdInfo_MegaMan006
1259;com.smbc.graphics.skins.BmdInfo_MegaMan005
1258;com.explodingRabbit.cross.games.GameSuperMarioWorld_InvincibleCave
1260;com.smbc.graphics.skins.BmdInfo_MegaMan008
1261;com.smbc.graphics.skins.BmdInfo_MegaMan007
1262;com.smbc.graphics.skins.BmdInfo_MegaMan009
1263;com.smbc.graphics.BackgroundInfo_bg_006_13_05_00
266;com.smbc.data.MovieClipInfo_PitPickupMc
225;com.smbc.data.MovieClipInfo_FundingIconMc
1265;com.smbc.graphics.skins.BmdInfo_MegaMan000
1264;com.explodingRabbit.cross.games.GameMegaMan7_RobotMuseumData
307;com.smbc.data.MovieClipInfo_bg_004_10_02_00
601;com.smbc.graphics.BackgroundInfo_bg_004_14_01_00
1266;com.smbc.graphics.skins.BmdInfo_MegaMan002
532;com.smbc.graphics.BackgroundInfo_bg_004_14_01_01
1269;com.explodingRabbit.cross.games.GameNinjaGaidenSnes_BossFightData
1268;com.explodingRabbit.cross.games.GameSuperC_Nsf
1267;com.smbc.graphics.skins.BmdInfo_MegaMan001
134;com.smbc.graphics.ExplodingRabbitLogo
331;com.smbc.graphics.BackgroundInfo_bg_001_03_03_00
1270;com.smbc.graphics.BackgroundInfo_bg_009_05_01_00
1271;com.smbc.graphics.BackgroundInfo_bg_004_09_01_00
1272;com.explodingRabbit.cross.games.GameKidIcarus_Nsf
1155;com.smbc.graphics.BackgroundInfo_bg_013_12_01_00
408;com.smbc.graphics.BackgroundInfo_bg_008_01_02_00
151;com.smbc.data.MovieClipInfo_PortraitSelectorMc
551;com.smbc.graphics.BackgroundInfo_bg_013_12_01_01
1252;com.smbc.graphics.BackgroundInfo_bg_013_12_01_02
490;com.smbc.graphics.BackgroundInfo_bg_003_01_01_00
1273;com.smbc.graphics.BackgroundInfo_bg_006_08_01_00
1275;com.explodingRabbit.cross.games.GameGimmick_Nsfe
1274;com.explodingRabbit.cross.games.GameFinalFantasy6_UnderGroundData
480;com.smbc.graphics.BackgroundInfo_bg_004_12_02_00
1276;com.explodingRabbit.cross.games.GameBlasterMasterSnes_OpeningData
476;com.smbc.graphics.BackgroundInfo_bg_014_01_04_00
1277;com.explodingRabbit.cross.games.GameSuperMarioLand2_Gbs
1278;com.explodingRabbit.cross.games.GameDragonWarriorSnes_TheDragonlordData
349;com.smbc.data.MovieClipInfo_bg_004_06_01_00
1279;com.smbc.graphics.BackgroundInfo_rep_004_castle
408;com.smbc.graphics.BackgroundInfo_bg_012_02_02_00
376;com.smbc.graphics.BackgroundInfo_bg_012_02_02_01
1280;com.explodingRabbit.cross.games.GameTetrisDrMario_Music1HurryData
473;com.smbc.graphics.BackgroundInfo_bg_007_01_04_00
1282;com.explodingRabbit.cross.games.GameSuperMarioBrosSnes_Invincible
1281;com.explodingRabbit.cross.games.GameZeldaLinkToThePast_BeginningOfTheJourneyData
1283;com.explodingRabbit.cross.games.GameFinalFantasyMysticQuest_ShrineOfLightData
441;com.smbc.graphics.BackgroundInfo_bg_012_15_01_00
1284;com.explodingRabbit.cross.games.GameSuperMarioBrosSnes_IntroLevelData
0;com.smbc.SuperMarioBrosCrossover
